Date,Short Name,Bid,Offer,Last,Close,High,Low,Open,Chg. Today,Vol. Today,Num. Trades
2019-11-18,BSP,11.69,0,11.69,11.69,11.7,11.69,11.69,0.02,1016,5
2019-11-19,BSP,11.69,0,11.69,11.69,11.69,11.69,11.69,0,407,1
2019-11-20,BSP,11.69,0,0,11.69,0,0,11.69,0,0,0
2019-11-21,BSP,11.7,0,0,11.69,0,0,11.69,0,0,0
2019-11-22,BSP,11.7,0,0,11.69,0,0,11.69,0,0,0
2019-11-25,BSP,11.7,0,0,11.69,0,0,11.69,0,0,0
2019-11-26,BSP,11.7,0,0,11.69,0,0,11.69,0,0,0
2019-11-27,BSP,11.7,0,11.7,11.7,11.71,11.7,11.69,0.01,1359,3
2019-11-28,BSP,11.7,0,0,11.7,0,0,11.7,0,0,0
2019-11-29,BSP,11.7,0,0,11.7,0,0,11.7,0,0,0
2019-12-02,BSP,11.71,0,11.71,11.71,11.71,11.71,11.7,0.01,2772,8
2019-12-03,BSP,11.71,0,0,11.71,0,0,11.71,0,0,0
2019-12-04,BSP,11.71,0,0,11.71,0,0,11.71,0,0,0
2019-12-05,BSP,11.75,0,0,11.71,0,0,11.71,0,0,0
2019-12-06,BSP,11.75,0,0,11.71,0,0,11.71,0,0,0
2019-12-09,BSP,11.75,0,11.75,11.75,11.75,11.75,11.71,0.04,1000,1
2019-12-10,BSP,11.75,0,0,11.75,0,0,11.75,0,0,0
2019-12-11,BSP,11.75,0,0,11.75,0,0,11.75,0,0,0
2019-12-12,BSP,11.75,0,0,11.75,0,0,11.75,0,0,0
2019-12-13,BSP,11.75,0,11.75,11.75,11.76,11.75,11.75,0,513,5
2019-12-16,BSP,11.75,0,11.76,11.76,11.76,11.76,11.75,0.01,45274,1
2019-12-17,BSP,11.75,0,0,11.76,0,0,11.76,0,0,0
2019-12-18,BSP,11.75,0,11.76,11.76,11.76,11.76,11.76,0,1000,1
2019-12-19,BSP,11.75,0,0,11.76,0,0,11.76,0,0,0
2019-12-20,BSP,11.77,0,11.78,11.78,11.78,11.77,11.76,0.02,3471,10
2019-12-23,BSP,11.77,0,0,11.78,0,0,11.78,0,0,0
2019-12-24,BSP,11.77,0,11.78,11.78,11.78,11.78,11.78,0,1040,2
2019-12-27,BSP,11.77,0,11.78,11.78,0,0,11.78,0,0,0
2019-12-30,BSP,11.77,0,11.78,11.78,0,0,11.78,0,0,0
2019-12-31,BSP,11.77,0,11.78,11.78,0,0,11.78,0,0,0
2020-01-02,BSP,11.77,0,11.78,11.78,0,0,11.78,0,0,0
2020-01-03,BSP,11.77,0,11.78,11.78,0,0,11.78,0,0,0
2020-01-06,BSP,11.77,0,11.78,11.78,0,0,11.78,0,0,0
2020-01-07,BSP,11.77,0,11.78,11.78,0,0,11.78,0,0,0
2020-01-08,BSP,11.73,0,11.75,11.75,11.77,11.75,11.78,-0.03,46137,24
2020-01-09,BSP,11.73,0,0,11.75,0,0,11.75,0,0,0
2020-01-10,BSP,11.77,0,11.78,11.78,11.78,11.78,11.75,0.03,5667,8
2020-01-13,BSP,11.77,0,0,11.78,0,0,11.78,0,0,0
2020-01-14,BSP,11.77,0,0,11.78,0,0,11.78,0,0,0
2020-01-15,BSP,11.77,0,11.78,11.78,11.78,11.78,11.78,0,50821,4
2020-01-16,BSP,11.78,0,11.79,11.79,11.79,11.78,11.78,0.01,1654,5
2020-01-17,BSP,11.78,0,0,11.79,0,0,11.79,0,0,0
2020-01-20,BSP,11.78,0,0,11.79,0,0,11.79,0,0,0
2020-01-21,BSP,11.78,0,11.79,11.79,11.79,11.79,11.79,0,2000,4
2020-01-22,BSP,11.78,0,0,11.79,0,0,11.79,0,0,0
2020-01-23,BSP,11.78,0,11.78,11.78,11.78,11.78,11.79,-0.01,2000,3
2020-01-24,BSP,11.78,0,0,11.78,0,0,11.78,0,0,0
2020-01-27,BSP,11.78,0,0,11.78,0,0,11.78,0,0,0
2020-01-28,BSP,11.78,0,0,11.78,0,0,11.78,0,0,0
2020-01-29,BSP,11.78,0,11.79,11.79,11.79,11.79,11.78,0.01,3721,1
2020-01-30,BSP,11.78,0,11.78,11.78,11.78,11.78,11.79,-0.01,357,1
2020-01-31,BSP,11.78,0,11.79,11.79,11.79,11.79,11.78,0.01,535,2
2020-02-03,BSP,11.8,0,11.8,11.8,11.8,11.8,11.79,0.01,5923,8
2020-02-04,BSP,11.78,0,11.8,11.8,11.8,11.8,11.8,0,12000,23
2020-02-05,BSP,11.78,0,11.8,11.8,0,0,11.8,0,0,0
2020-02-06,BSP,11.78,0,11.79,11.79,11.79,11.79,11.8,-0.01,237,8
2020-02-07,BSP,11.78,0,11.79,11.79,0,0,11.79,0,0,0
2020-02-10,BSP,11.78,0,11.79,11.79,0,0,11.79,0,0,0
2020-02-11,BSP,11.78,0,11.79,11.79,0,0,11.79,0,0,0
2020-02-12,BSP,11.78,0,11.79,11.79,0,0,11.79,0,0,0
2020-02-13,BSP,11.78,0,11.79,11.79,0,0,11.79,0,0,1
2020-02-14,BSP,11.78,0,11.79,11.79,0,0,11.79,0,0,0
2020-02-17,BSP,11.8,0,11.78,11.78,11.78,11.78,11.79,-0.01,919,4
2020-02-18,BSP,11.81,0,11.81,11.81,11.81,11.81,11.78,0.03,879932,5
2020-02-19,BSP,11.81,0,0,11.81,0,0,11.81,0,0,0
2020-02-20,BSP,11.81,0,0,11.81,0,0,11.81,0,0,0
2020-02-21,BSP,11.79,12.5,11.79,11.79,11.81,11.79,11.81,-0.02,10900,5
2020-02-24,BSP,11.79,12.5,0,11.79,0,0,11.79,0,0,0
2020-02-25,BSP,11.79,0,12.5,12.5,12.5,12.5,11.79,0.71,7000,3
2020-02-26,BSP,11.79,0,0,12.5,0,0,12.5,0,0,0
2020-02-27,BSP,11.79,0,0,12.5,0,0,12.5,0,0,0
2020-02-28,BSP,11.79,0,12,12,12,12,12.5,-0.5,50000,4
2020-03-02,BSP,11.79,0,0,12,0,0,12,0,0,0
2020-03-03,BSP,11.8,12.5,0,12,0,0,12,0,0,2
2020-03-04,BSP,12.1,12.5,12.1,12.1,12.5,11.91,12,0.1,3351,9
2020-03-05,BSP,11.8,0,12.1,12.1,12.1,12.1,12.1,0,1940,4
2020-03-06,BSP,11.8,0,0,12.1,0,0,12.1,0,0,0
2020-03-09,BSP,11.8,0,0,12.1,0,0,12.1,0,0,0
2020-03-10,BSP,11.8,0,12,12,12,12,12.1,-0.1,897,2
2020-03-11,BSP,12,0,0,12,0,0,12,0,0,0
2020-03-12,BSP,12,0,0,12,0,0,12,0,0,0
2020-03-13,BSP,12,0,12,12,12,12,12,0,16416,6
2020-03-16,BSP,12,0,0,12,0,0,12,0,0,0
2020-03-17,BSP,12,0,12.1,12.1,12.1,12.1,12,0.1,526,3
2020-03-18,BSP,12,0,12,12,12,12,12.1,-0.1,2035,2
2020-03-19,BSP,11.78,12,12,12,12,12,12,0,1057337,8
2020-03-20,BSP,12,0,12,12,12,12,12,0,7866,3
2020-03-23,BSP,12,12.37,12.01,12.01,12.01,12.01,12,0.01,26085,1
2020-03-24,BSP,12,12.5,0,12.01,0,0,12.01,0,0,0
2020-03-25,BSP,12,12.5,0,12.01,0,0,12.01,0,0,0
2020-03-26,BSP,12,12.5,12,12,12,12,12.01,-0.01,1124,3
2020-03-27,BSP,12,12.5,0,12,0,0,12,0,0,0
2020-03-30,BSP,12,12.5,12,12,12,12,12,0,19352,4
2020-03-31,BSP,12,12.5,0,12,0,0,12,0,0,1
2020-04-01,BSP,11.78,12,12,12,12,12,12,0,4578,6
2020-04-02,BSP,11.78,12,12,12,0,0,12,0,0,0
2020-04-03,BSP,11.78,12,12,12,0,0,12,0,0,0
2020-04-06,BSP,11.78,12,12,12,0,0,12,0,0,0
2020-04-07,BSP,11.78,12,12,12,0,0,12,0,0,0
2020-04-08,BSP,11.78,12,12,12,0,0,12,0,0,0
2020-04-09,BSP,0,0,12,12,12,12,12,0,2255,4
2020-04-14,BSP,0,0,0,12,0,0,12,0,0,0
2020-04-15,BSP,11.5,12,12,12,12,12,12,0,6000,4
2020-04-16,BSP,11.5,12,0,12,0,0,12,0,0,0
2020-04-17,BSP,11.5,0,12,12,12,12,12,0,32676,4
2020-04-20,BSP,11.5,0,12,12,0,0,12,0,0,0
2020-04-21,BSP,11.5,0,12,12,0,0,12,0,0,0
2020-04-22,BSP,11.1,0,12,12,0,0,12,0,0,0
2020-04-23,BSP,11.1,0,12,12,0,0,12,0,0,0
2020-04-24,BSP,11.1,0,12,12,0,0,12,0,0,0
2020-04-27,BSP,11.1,0,12,12,0,0,12,0,0,0
2020-04-28,BSP,11.1,0,12,12,0,0,12,0,0,0
2020-04-29,BSP,11.1,0,12,12,0,0,12,0,0,0
2020-04-30,BSP,11.1,0,12,12,12,12,12,0,11809,4
2020-05-01,BSP,11.1,0,0,12,0,0,12,0,0,0
2020-05-04,BSP,0,0,12,12,12,12,12,0,65000,1
2020-05-05,BSP,0,0,0,12,0,0,12,0,0,0
2020-05-06,BSP,0,12.5,12.5,12.5,12.5,12.5,12,0.5,20963,1
2020-05-07,BSP,0,12.5,12.5,12.5,0,0,12.5,0,0,0
2020-05-08,BSP,0,12.5,12,12,12,12,12.5,-0.5,1511,3
2020-05-11,BSP,0,12.5,12,12,0,0,12,0,0,0
2020-05-12,BSP,0,12.5,12,12,0,0,12,0,0,0
2020-05-13,BSP,0,12.5,12,12,0,0,12,0,0,0
2020-05-14,BSP,0,12,12,12,12,12,12,0,3411,2
2020-05-15,BSP,0,12.5,12,12,12,12,12,0,1105,4
2020-05-18,BSP,0,12.5,12,12,12,12,12,0,8000,1
2020-05-19,BSP,0,12.5,12,12,12,12,12,0,31304,4
2020-05-20,BSP,0,12.5,12,12,0,0,12,0,0,0
2020-05-21,BSP,0,12.5,12,12,12,12,12,0,1520,4
2020-05-22,BSP,0,0,12,12,0,0,12,0,0,0
2020-05-25,BSP,0,0,12,12,0,0,12,0,0,0
2020-05-26,BSP,12,0,12,12,0,0,12,0,0,0
2020-05-27,BSP,12,0,12,12,0,0,12,0,0,0
2020-05-28,BSP,12.01,0,12.01,12.01,12.01,12,12,0.01,4535,10
2020-05-29,BSP,12.01,0,12.01,12.01,12.01,12.01,12.1,0,665,3
2020-06-01,BSP,12.01,0,12.01,12.01,0,0,12.1,0,0,0
2020-06-02,BSP,12.01,0,12.01,12.01,0,0,12.1,0,0,0
2020-06-03,BSP,12.01,0,12.01,12.01,0,0,12.1,0,0,0
2020-06-04,BSP,12.01,0,12.01,12.01,0,0,12.1,0,0,0
2020-06-05,BSP,12,0,12,12,12.01,12,12.1,-0.01,1095,7
2020-06-09,BSP,12,0,12,12,0,0,12,0,0,0
2020-06-10,BSP,12,0,12,12,0,0,12,0,0,0
2020-06-11,BSP,12.01,0,12,12,12,12,12,0,140,5
2020-06-12,BSP,12.01,0,12.02,12.02,12.02,12.02,12,0.02,720,4
2020-06-15,BSP,12.01,0,12.02,12.02,0,0,12.02,0,0,0
2020-06-16,BSP,12.01,0,12.02,12.02,0,0,12.02,0,0,0
2020-06-17,BSP,12.01,0,12.02,12.02,0,0,12.02,0,0,0
2020-06-18,BSP,11.5,0,12,12,12.02,11.85,12.02,-0.02,230668,24
2020-06-19,BSP,11.5,0,12,12,0,0,12,0,0,0
2020-06-22,BSP,11.5,0,12,12,0,0,12,0,0,0
2020-06-23,BSP,11.5,12,12,12,12,11.85,12,0,102715,3
2020-06-24,BSP,11.5,12,12,12,12,12,12,0,12626,3
2020-06-25,BSP,11.5,12,12,12,12,12,12,0,5166,2
2020-06-26,BSP,11.5,0,12,12,12,12,12,0,5574,5
2020-06-29,BSP,11.5,0,0,12,0,0,12,0,0,0
2020-06-30,BSP,11.5,12,12,12,12,12,12,0,6085,4
2020-07-01,BSP,11.5,12,12,12,0,0,12,0,0,0
2020-07-02,BSP,11.5,12,12,12,0,0,12,0,0,0
2020-07-03,BSP,11.5,12,12,12,0,0,12,0,0,0
2020-07-06,BSP,12,0,12,12,12,12,12,0,4316,11
2020-07-07,BSP,12,0,0,12,0,0,12,0,0,0
2020-07-08,BSP,12,0,0,12,0,0,12,0,0,0
2020-07-09,BSP,12,0,0,12,0,0,12,0,0,2
2020-07-10,BSP,12,0,12,12,12,12,12,0,506,2
2020-07-13,BSP,12,0,12,12,0,0,12,0,0,0
2020-07-14,BSP,12,0,12,12,0,0,12,0,0,0
2020-07-15,BSP,12,0,12,12,0,0,12,0,0,0
2020-07-16,BSP,12,0,12,12,0,0,12,0,0,0
2020-07-17,BSP,12,0,12,12,0,0,12,0,0,0
2020-07-20,BSP,12,0,12,12,0,0,12,0,0,2
2020-07-21,BSP,12,0,12,12,12.1,12,12,0,9421,4
2020-07-22,BSP,12,0,12,12,12,12,12,0,12469,5
2020-07-24,BSP,12,0,0,12,0,0,12,0,0,0
2020-07-27,BSP,12,0,0,12,0,0,12,0,0,0
2020-07-28,BSP,12,0,12.01,12.01,12.01,12.01,12,0.01,300,2
2020-07-29,BSP,12.01,0,12.02,12.02,12.02,12.02,12.01,0.01,536,5
2020-07-30,BSP,12,0,12.01,12.01,12.02,12.01,12.02,-0.01,889417,4
2020-07-31,BSP,12,0,12.01,12.01,0,0,12.01,0,0,1
2020-08-03,BSP,12,0,12,12,12,12,12.01,-0.01,1845,3
2020-08-04,BSP,12,0,12,12,0,0,12,0,0,0
2020-08-05,BSP,12,0,12,12,0,0,12,0,0,0
2020-08-06,BSP,12,0,12,12,0,0,12,0,0,0
2020-08-07,BSP,0,0,12,12,12,12,12,0,122101,23
2020-08-10,BSP,0,0,12,12,0,0,12,0,0,1
2020-08-11,BSP,12,0,12,12,12,12,12,0,54895,3
2020-08-12,BSP,12,0,12,12,0,0,12,0,0,0
2020-08-13,BSP,0,0,12,12,12,12,12,0,16823,7
2020-08-14,BSP,0,0,12,12,0,0,12,0,0,0
2020-08-17,BSP,0,0,12,12,0,0,12,0,0,0
2020-08-18,BSP,0,0,12,12,0,0,12,0,0,0
2020-08-19,BSP,0,0,12,12,12,12,12,0,58300,4
2020-08-20,BSP,0,0,12,12,12,12,12,0,97441,3
2020-08-21,BSP,0,0,12,12,12,12,12,0,50636,4
2020-08-24,BSP,0,0,12,12,0,0,12,0,0,0
2020-08-25,BSP,0,0,12,12,12,12,12,0,1000,1
2020-08-27,BSP,0,0,12,12,0,0,12,0,0,0
2020-08-28,BSP,12,0,12,12,0,0,12,0,0,0
2020-08-31,BSP,12,0,12,12,12,12,12,0,259,2
2020-09-01,BSP,12,0,12,12,12.01,12,12,0,1698,5
2020-09-02,BSP,12,0,12,12,0,0,12,0,0,0
2020-09-03,BSP,12,0,12,12,0,0,12,0,0,0
2020-09-04,BSP,12,0,12,12,0,0,12,0,0,0
2020-09-07,BSP,12,0,12,12,0,0,12,0,0,0
2020-09-08,BSP,12,0,12,12,0,0,12,0,0,0
2020-09-09,BSP,0,0,12,12,12,12,12,0,86974,9
2020-09-10,BSP,0,0,12,12,0,0,12,0,0,0
2020-09-11,BSP,0,0,12,12,12,12,12,0,752143,13
2020-09-14,BSP,0,0,12,12,12,12,12,0,5066,2
2020-09-15,BSP,0,0,12,12,0,0,12,0,0,0
2020-09-17,BSP,0,0,12,12,12,12,12,0,21626,2
2020-09-18,BSP,0,0,12,12,12,12,12,0,8250,1
2020-09-21,BSP,0,0,12,12,0,0,12,0,0,0
2020-09-22,BSP,0,0,12,12,0,0,12,0,0,0
2020-09-23,BSP,0,0,12,12,12,12,12,0,26470,11
2020-09-24,BSP,0,0,1.7,1.7,12,1.7,12,-10.3,11226,8
2020-09-25,BSP,0,0,12,12,12,12,12,0,4708,4
2020-09-28,BSP,0,0,0,12,0,0,12,0,0,0
2020-09-29,BSP,0,0,12,12,12,12,12,0,1000,3
2020-09-30,BSP,0,0,12,12,0,0,12,0,0,0
2020-10-01,BSP,0,0,12,12,0,0,12,0,0,0
2020-10-02,BSP,0,0,12,12,0,0,12,0,0,0
2020-10-05,BSP,0,0,12,12,0,0,12,0,0,0
2020-10-06,BSP,0,0,12,12,0,0,12,0,0,0
2020-10-07,BSP,0,0,12,12,12,12,12,0,2643,5
2020-10-08,BSP,0,12,0,12,0,0,12,0,0,0
2020-10-09,BSP,12,0,12,12,12,12,12,0,10397,2
2020-10-12,BSP,0,0,12,12,12,12,12,0,83498,3
2020-10-13,BSP,12,0,12,12,12,12,12,0,1236,3
2020-10-14,BSP,12,0,0,12,0,0,12,0,0,0
2020-10-15,BSP,0,0,12,12,12,12,12,0,120348,6
2020-10-16,BSP,0,0,12,12,0,0,12,0,0,0
2020-10-19,BSP,0,0,12,12,0,0,12,0,0,0
2020-10-20,BSP,0,0,12,12,0,0,12,0,0,0
2020-10-21,BSP,0,0,12,12,12,12,12,0,224429,6
2020-10-22,BSP,0,0,12,12,0,0,12,0,0,0
2020-10-23,BSP,12,0,12,12,0,0,12,0,0,0
2020-10-26,BSP,0,0,12,12,12,12,12,0,94870,4
2020-10-27,BSP,12,0,0,12,0,0,12,0,0,0
2020-10-28,BSP,0,0,12,12,12,12,12,0,66982,11
2020-10-29,BSP,12,0,12,12,12,12,12,0,4400,1
2020-10-30,BSP,12,0,0,12,0,0,12,0,0,0
2020-11-02,BSP,0,0,12,12,12,12,12,0,21005,5
2020-11-03,BSP,0,0,12,12,0,0,12,0,0,0
2020-11-04,BSP,0,0,12,12,0,0,12,0,0,0
2020-11-05,BSP,0,0,12,12,0,0,12,0,0,1
2020-11-06,BSP,0,12,12,12,0,0,12,0,0,0
2020-11-09,BSP,0,12,12,12,0,0,12,0,0,0
2020-11-10,BSP,12,0,12,12,12,12,12,0,108106,5
2020-11-11,BSP,12,0,12,12,12,12,12,0,6828,1
2020-11-12,BSP,12,0,0,12,0,0,12,0,0,0
2020-11-13,BSP,12,0,12,12,12,12,12,0,15339,6
2020-11-16,BSP,12,0,12,12,12,12,12,0,410,1
2020-11-17,BSP,12,12.2,12,12,12,12,12,0,1026,6
2020-11-18,BSP,12,0,0,12,0,0,12,0,0,0
2020-11-19,BSP,0,0,12,12,12,12,12,0,30000,5
2020-11-20,BSP,12,0,12,12,0,0,12,0,0,0
2020-11-23,BSP,12,0,12,12,0,0,12,0,0,0
2020-11-24,BSP,0,0,12,12,12,12,12,0,31769,7
2020-11-25,BSP,0,0,12,12,0,0,12,0,0,0
2020-11-26,BSP,0,0,12,12,0,0,12,0,0,2
2020-11-27,BSP,0,12.04,12,12,12,12,12,0,30130,3
2020-11-30,BSP,0,12,0,12,0,0,12,0,0,0
2020-12-01,BSP,12,12.04,12,12,12,12,12,0,397,2
2020-12-02,BSP,0,12.04,12,12,12,12,12,0,106531,3
2020-12-03,BSP,0,12,0,12,0,0,12,0,0,0
2020-12-04,BSP,0,12.05,12,12,12.5,11.56,12,0,287,1
2020-12-07,BSP,0,12.05,12,12,12.5,11.56,12,0,0,0
2020-12-08,BSP,0,12.05,12,12,12.5,11.56,12,0,0,0
2020-12-09,BSP,12,12.05,12,12,12.5,11.56,12,0,89822,2
2020-12-10,BSP,12,12.05,12,12,12.5,11.56,12,0,1397,2
2020-12-11,BSP,12,12.05,12.05,12.05,12.5,11.56,12,0.05,32034,3
2020-12-14,BSP,12,12.05,12.05,12.05,12.5,11.56,12.05,0,0,0
2020-12-15,BSP,12,12.05,12,12,12.5,11.56,12.05,-0.05,3684,3
2020-12-16,BSP,0,12,12,12,12.5,11.56,12,0,1656,3
2020-12-17,BSP,0,12,12,12,12.5,11.56,12,0,0,2
2020-12-18,BSP,0,12,12,12,12.5,11.56,12,0,100183,7
2020-12-21,BSP,0,12.1,12,12,12.5,11.56,12,0,99817,8
2020-12-22,BSP,0,12,12,12,12.5,11.56,12,0,937,7
2020-12-23,BSP,0,12,12,12,12.5,11.56,12,0,0,1
2020-12-24,BSP,0,12,12,12,12.5,11.56,12,0,0,0
2020-12-28,BSP,0,12,12,12,12.5,11.56,12,0,0,1
2020-12-29,BSP,0,12,12,12,12.5,11.56,12,0,0,0
2020-12-30,BSP,0,12,12,12,12.5,11.56,12,0,0,0
2020-12-31,BSP,0,12,12,12,12.5,11.56,12,0,11412,6
2021-01-01,BSP,0,12,12,12,12.5,11.56,12,0,0,0
2021-01-04,BSP,0,12,12,12,12.5,11.56,12,0,5000,3
2021-01-05,BSP,0,12,12,12,12.5,11.56,12,0,416,2
2021-01-06,BSP,0,12.1,12,12,12.5,11.56,12,0,0,0
2021-01-07,BSP,0,12,12,12,12.5,11.56,12,0,0,0
2021-01-08,BSP,0,12,12,12,12.5,11.56,12,0,0,0
2021-01-11,BSP,0,12,12,12,12.5,11.56,12,0,0,0
2021-01-12,BSP,0,12,12,12,12.5,11.56,12,0,0,0
2021-01-13,BSP,0,12,12,12,12.5,11.56,12,0,0,1
2021-01-14,BSP,12,0,12,12,12.5,11.56,12,0,20487,18
2021-01-15,BSP,0,12,12,12,12.5,11.56,12,0,2542,3
2021-01-18,BSP,0,12.1,12,12,12.5,11.56,12,0,300000,3
2021-01-19,BSP,12,12.1,12,12,12.5,11.56,12,0,15194,1
2021-01-20,BSP,12,13,12,12,12.5,11.56,12,0,51381,4
2021-01-21,BSP,0,12,12,12,12.5,11.56,12,0,389,2
2021-01-22,BSP,0,12,12,12,12.5,11.56,12,0,0,0
2021-01-25,BSP,0,12,12,12,12.5,11.56,12,0,0,0
2021-01-26,BSP,0,12,12,12,12.5,11.56,12,0,20000,4
2021-01-27,BSP,0,12,12,12,12.5,11.56,12,0,0,1
2021-01-28,BSP,0,12,12,12,12.5,11.56,12,0,0,2
2021-01-29,BSP,0,12,12,12,12.5,11.56,12,0,0,0
2021-02-01,BSP,0,12,12,12,12.5,11.56,12,0,0,0
2021-02-02,BSP,0,12,12,12,12.5,11.56,12,0,0,1
2021-02-03,BSP,0,12,12,12,12.5,11.56,12,0,0,0
2021-02-04,BSP,0,12.2,12,12,12.5,11.56,12,0,21244,9
2021-02-05,BSP,0,12,12,12,12.5,11.56,12,0,20000,1
2021-02-08,BSP,0,12,12,12,12.5,11.56,12,0,0,0
2021-02-09,BSP,0,12,12,12,12.5,11.56,12,0,0,0
2021-02-10,BSP,0,12,12,12,12.5,11.56,12,0,0,0
2021-02-11,BSP,0,12,12,12,12.5,11.56,12,0,2057,4
2021-02-12,BSP,0,12,12,12,12.5,11.56,12,0,0,0
2021-02-15,BSP,0,12,12,12,12.5,11.56,12,0,749,3
2021-02-16,BSP,0,12,12,12,12.5,11.56,12,0,0,0
2021-02-17,BSP,0,12,12,12,12.5,11.56,12,0,197438,7
2021-02-18,BSP,0,12,12,12,12.5,11.56,12,0,0,0
2021-02-19,BSP,0,12,12,12,12.5,11.56,12,0,25000,2
2021-02-22,BSP,0,12,12,12,12.5,11.56,12,0,0,0
2021-02-23,BSP,0,12,12,12,12.5,11.56,12,0,24746,3
2021-02-24,BSP,0,12,12,12,12.5,11.56,12,0,43139,3
2021-02-25,BSP,0,12,12,12,12.5,11.56,12,0,0,0
2021-02-26,BSP,0,12,12,12,12.5,11.56,12,0,0,0
2021-03-01,BSP,0,12,12,12,12.5,11.56,12,0,0,0
2021-03-02,BSP,0,12,12,12,12.5,11.56,12,0,4624,3
2021-03-03,BSP,0,12,12,12,12.5,11.56,12,0,224440,7
2021-03-04,BSP,0,12,12,12,12.5,11.56,12,0,4083,3
2021-03-05,BSP,0,12,12,12,12.5,11.56,12,0,222190,11
2021-03-08,BSP,0,12,12,12,12.5,11.56,12,0,30000,1
2021-03-09,BSP,0,12,12,12,12.5,11.56,12,0,0,0
2021-03-10,BSP,11.5,12,12,12,12.5,11.56,12,0,30000,3
2021-03-11,BSP,11.5,12,12,12,12.5,11.56,12,0,25000,4
2021-03-12,BSP,11.5,12,12,12,12.5,11.56,12,0,0,0
2021-03-15,BSP,11.5,12,12,12,12.5,11.56,12,0,8000,1
2021-03-16,BSP,0,12,12,12,12.5,11.56,12,0,207833,15
2021-03-17,BSP,0,12,12,12,12.5,11.56,12,0,0,0
2021-03-18,BSP,0,12,12,12,12.5,11.56,12,0,800,1
2021-03-19,BSP,0,12,12,12,12.5,11.56,12,0,113000,4
2021-03-22,BSP,0,12,12,12,12.5,11.56,12,0,1626,1
2021-03-23,BSP,0,12,12,12,12.5,11.56,12,0,1544,1
2021-03-24,BSP,0,12,12,12,12.5,11.56,12,0,100000,5
2021-03-25,BSP,0,12,12,12,12.5,11.56,12,0,0,0
2021-03-26,BSP,0,12,12,12,12.5,11.56,12,0,116143,4
2021-03-29,BSP,0,12,12,12,12.5,11.56,12,0,2500,1
2021-03-30,BSP,0,12,12,12,12.5,11.56,12,0,0,0
2021-03-31,BSP,0,12,12,12,12.5,11.56,12,0,3497,4
2021-04-01,BSP,0,12,12,12,12.5,11.56,12,0,0,0
2021-04-06,BSP,0,12,12,12,12.5,11.56,12,0,0,0
2021-04-07,BSP,0,12,12,12,12.5,11.56,12,0,2179,2
2021-04-08,BSP,0,12,12,12,12.5,11.56,12,0,0,0
2021-04-09,BSP,0,12,12,12,12.5,11.56,12,0,0,0
2021-04-12,BSP,0,12,12,12,12.5,11.56,12,0,3259,3
2021-04-13,BSP,0,12,12,12,12.5,11.56,12,0,76365,11
2021-04-14,BSP,0,12,12,12,12.5,11.56,12,0,1388,1
2021-04-15,BSP,0,12,12,12,12.5,11.56,12,0,0,0
2021-04-16,BSP,0,12,12,12,12.5,11.56,12,0,0,0
2021-04-19,BSP,0,12,12,12,12.5,11.56,12,0,0,0
2021-04-20,BSP,11.8,12,12,12,12.5,11.56,12,0,0,0
2021-04-21,BSP,11.8,12,12,12,12.5,11.56,12,0,14417,8
2021-04-22,BSP,11.8,12,12,12,12.5,11.56,12,0,0,0
2021-04-23,BSP,11.8,12,12,12,12.5,11.56,12,0,0,0
2021-04-26,BSP,11.8,12.86,12,12,12.5,11.56,12,0,8182,10
2021-04-27,BSP,11.8,12.86,12,12,12.5,11.56,12,0,0,0
2021-04-28,BSP,11.8,12.86,12,12,12.5,11.56,12,0,0,0
2021-04-29,BSP,12,12.86,12,12,12.5,11.56,12,0,62213,6
2021-04-30,BSP,0,12.86,12,12,12.5,11.56,12,0,5605,7
2021-05-03,BSP,0,12.86,12,12,12.5,11.56,12,0,43762,1
2021-05-04,BSP,12,12.86,12,12,12.5,11.56,12,0,831,1
2021-05-05,BSP,12,12.86,12,12,12.5,11.56,12,0,0,0
2021-05-06,BSP,12,12.86,12,12,12.5,11.56,12,0,0,0
2021-05-07,BSP,12,12.86,12,12,12.5,11.56,12,0,0,0
2021-05-10,BSP,12,12.86,12,12,12.5,11.56,12,0,0,0
2021-05-11,BSP,12,12.86,12,12,12.1,11.56,12,0,0,0
2021-05-12,BSP,12,12.86,12,12,12.1,11.56,12,0,0,0
2021-05-13,BSP,12,12.86,12,12,12.1,11.56,12,0,0,0
2021-05-14,BSP,0,12.86,12,12,12.1,11.56,12,0,328087,10
2021-05-17,BSP,0,12.86,12,12,12.1,11.56,12,0,0,0
2021-05-18,BSP,0,12.86,12,12,12.1,11.56,12,0,40000,1
2021-05-19,BSP,0,12.86,12,12,12.1,11.56,12,0,58493,9
2021-05-20,BSP,12,12.86,12,12,12.1,11.56,12,0,74594,5
2021-05-21,BSP,12.1,0,12,12,12.1,11.56,12,0,0,0
2021-05-24,BSP,12.1,13.05,12,12,12.1,11.56,12,0,0,0
2021-05-25,BSP,12.02,13.05,12,12,12.1,11.56,12,0,0,0
2021-05-26,BSP,12.03,13.05,13.05,13.05,12.1,11.56,12,1.05,75304,1
2021-05-27,BSP,12.03,13.05,13.05,13.05,13.05,11.56,13.05,0,8331,2
2021-05-28,BSP,10.05,13.05,12,12,13.05,11.56,13.05,-1.05,600000,17
2021-05-31,BSP,12,12.2,12.3,12.3,13.05,11.56,13.05,0.3,1000,1
2021-06-01,BSP,12,12.2,12.3,12.3,13.05,11.56,13.05,0,0,0
2021-06-02,BSP,12,12.2,12.3,12.3,13.05,11.56,13.05,0,0,0
2021-06-03,BSP,12,12.2,12.3,12.3,13.05,11.56,13.05,0,0,0
2021-06-04,BSP,12,12.2,12.3,12.3,13.05,11.56,13.05,0,0,0
2021-06-07,BSP,12,12.2,12,12,13.05,11.56,13.05,-0.3,134,1
2021-06-08,BSP,11.9,12.2,12,12,13.05,11.56,13.05,0,14866,2
2021-06-09,BSP,11.9,12.2,12,12,13.05,11.56,13.05,0,0,0
2021-06-10,BSP,11.9,13,12.3,12.3,13.05,11.56,13.05,0.3,47608,4
2021-06-11,BSP,11.9,12.2,12.3,12.3,13.05,11.56,13.05,0,0,0
2021-06-15,BSP,11.9,12.2,12.3,12.3,13.05,11.56,13.05,0,0,0
2021-06-16,BSP,11.9,12.2,12.3,12.3,13.05,11.56,13.05,0,0,0
2021-06-17,BSP,11.9,12.2,12.3,12.3,13.05,11.56,13.05,0,0,0
2021-06-18,BSP,0,12.2,12.3,12.3,13.05,11.56,13.05,0,0,0
2021-06-21,BSP,12,12.2,12.3,12.3,13.05,11.56,13.05,0,0,0
2021-06-22,BSP,12,12.3,12.2,12.2,13.05,11.56,13.05,-0.1,800,3
2021-06-23,BSP,12,12.3,12.3,12.3,13.05,11.56,13.05,0.1,4097,3
2021-06-24,BSP,12,12.3,12.3,12.3,13.05,11.56,13.05,0,0,0
2021-06-25,BSP,12,12.3,12.3,12.3,13.05,11.56,13.05,0,3985,7
2021-06-28,BSP,12,12.3,12.3,12.3,13.05,11.56,13.05,0,0,0
2021-06-29,BSP,12.2,12.3,12.3,12.3,13.05,11.56,13.05,0,0,0
2021-06-30,BSP,12.2,12.3,12.3,12.3,13.05,11.56,13.05,0,38695,4
2021-07-01,BSP,12.2,12.3,12.3,12.3,13.05,11.56,13.05,0,0,0
2021-07-02,BSP,12.2,12.3,12.3,12.3,13.05,11.56,13.05,0,8526,2
2021-07-05,BSP,12.2,12.3,12.3,12.3,13.05,11.56,13.05,0,0,0
2021-07-06,BSP,12.2,12.3,12.3,12.3,13.05,11.56,13.05,0,17112,4
2021-07-07,BSP,12.2,12.3,12.2,12.2,13.05,11.56,13.05,-0.1,350,1
2021-07-08,BSP,12.1,12.3,12.2,12.2,13.05,11.56,13.05,0,862,2
2021-07-09,BSP,12.1,12.3,12.2,12.2,13.05,11.56,13.05,0,0,0
2021-07-12,BSP,12.1,12.3,12.2,12.2,13.05,11.56,13.05,0,0,0
2021-07-13,BSP,12.1,12.3,12.2,12.2,13.05,11.56,13.05,0,0,0
2021-07-14,BSP,12.3,13,12.3,12.3,13.05,11.56,13.05,0.01,395,1
2021-07-15,BSP,12.3,13,12.3,12.3,13.05,11.56,13.05,0,1027,1
2021-07-16,BSP,12.3,13,12.3,12.3,13.05,11.56,13.05,0,180,1
2021-07-19,BSP,12,12.3,12.3,12.3,13.05,11.56,13.05,0,134479,12
2021-07-20,BSP,12,13,12.3,12.3,13.05,11.56,13.05,0,11649,1
2021-07-21,BSP,12,13,12.3,12.3,13.05,11.56,13.05,0,0,0
2021-07-22,BSP,12,13,12.3,12.3,13.05,11.56,13.05,0,0,0
2021-07-26,BSP,12.3,13,12.3,12.3,13.05,11.56,13.05,0,1372,3
2021-07-27,BSP,12.3,13,12.3,12.3,13.05,11.56,13.05,0,0,0
2021-07-28,BSP,12.3,13,12.3,12.3,13.05,11.56,13.05,0,0,0
2021-07-29,BSP,12.3,13,12.3,12.3,13.05,11.56,13.05,0,0,0
2021-07-30,BSP,12.2,13,12.3,12.3,13.05,11.56,13.05,0,215592,12
2021-08-02,BSP,12.2,13,12.3,12.3,13.05,12,13.05,0,0,0
2021-08-03,BSP,12.3,13,12.3,12.3,13.05,12,13.05,0,111099,10
2021-08-04,BSP,12.3,13,12.3,12.3,13.05,12,13.05,0,0,0
2021-08-05,BSP,12.3,15.02,12.3,12.3,13.05,12,13.05,0,0,0
2021-08-06,BSP,12.3,13,12.3,12.3,13.05,12,13.05,0,0,0
2021-08-09,BSP,12.3,13,12.3,12.3,13.05,12,13.05,0,0,0
2021-08-10,BSP,12.3,13,12.3,12.3,13.05,12,13.05,0,0,0
2021-08-11,BSP,12.3,13,12.3,12.3,13.05,12,13.05,0,0,0
2021-08-12,BSP,12.3,13,12.3,12.3,13.05,12,13.05,0,0,0
2021-08-13,BSP,12.3,13,12.3,12.3,13.05,12,13.05,0,1850,5
2021-08-16,BSP,12.3,13,12.3,12.3,13.05,12,13.05,0,0,0
2021-08-17,BSP,12.3,13,12.3,12.3,13.05,12,13.05,0,0,0
2021-08-18,BSP,12.5,13,12.3,12.3,13.05,12,13.05,0,45894,12
2021-08-19,BSP,12.5,13,12.8,12.8,13.05,12,13.05,0.5,6443,3
2021-08-20,BSP,12.5,13,12.8,12.8,13.05,12,13.05,0,0,0
2021-08-23,BSP,12.5,13,12.5,12.5,13.05,12,13.05,-0.3,1211,2
2021-08-24,BSP,12.5,13,12.5,12.5,13.05,12,13.05,0,0,0
2021-08-25,BSP,12.6,13,12.6,12.6,13.05,12,13.05,0.1,1809,3
2021-08-27,BSP,0,12.6,12.4,12.4,13.05,12,13.05,-0.2,258398,21
2021-08-30,BSP,0,12.6,12.4,12.4,13.05,12,13.05,0,0,0
2021-08-31,BSP,0,12.6,12.3,12.3,13.05,12,13.05,-0.1,50000,1
2021-09-01,BSP,0,12.6,12.6,12.6,13.05,12,13.05,0.3,2000,4
2021-09-02,BSP,0,13,12.6,12.6,13.05,12,13.05,0,0,0
2021-09-03,BSP,12.4,13,12.6,12.6,13.05,12,13.05,0,0,0
2021-09-06,BSP,12.3,13,12.3,12.3,13.05,12,13.05,-0.3,155956,7
2021-09-07,BSP,12.3,13,12.3,12.3,13.05,12,13.05,0,0,0
2021-09-08,BSP,12.3,13,12.3,12.3,13.05,12,13.05,0,0,0
2021-09-09,BSP,12.3,13,12.3,12.3,13.05,12,13.05,0,0,0
2021-09-10,BSP,0,13,12.3,12.3,13.05,12,13.05,0,98514,8
2021-09-13,BSP,0,13,12.3,12.3,13.05,12,13.05,0,50000,1
2021-09-14,BSP,0,13,12.3,12.3,13.05,12,13.05,0,0,0
2021-09-15,BSP,0,13,12.3,12.3,13.05,12,13.05,0,0,0
2021-09-16,BSP,0,13,12.3,12.3,13.05,12,13.05,0,0,0
2021-09-17,BSP,12.3,13,12.3,12.3,13.05,12,13.05,0,0,0
2021-09-20,BSP,12.3,12.7,12.3,12.3,13.05,12,13.05,0,0,0
2021-09-21,BSP,12.3,12.7,12.31,12.31,13.05,12,13.05,0.01,60124,7
2021-09-22,BSP,12.3,12.7,12.31,12.31,13.05,12,13.05,0,17663,2
2021-09-23,BSP,12.3,13,12.7,12.7,13.05,12,13.05,0.39,4655,6
2021-09-24,BSP,12.3,13,12.7,12.7,13.05,12,13.05,0,0,0
2021-09-27,BSP,12.3,13,12.7,12.7,13.05,12,13.05,0,0,0
2021-09-28,BSP,12.3,13,12.3,12.3,13.05,12,13.05,-0.4,799,5
2021-09-29,BSP,12.3,13,12.3,12.3,13.05,12,13.05,0,0,0
2021-09-30,BSP,12.3,13,12.3,12.3,13.05,12,13.05,0,175,1
2021-10-01,BSP,12.3,13,12.3,12.3,13.05,12,13.05,0,0,0
2021-10-04,BSP,12.3,13,12.3,12.3,13.05,12,13.05,0,0,0
2021-10-05,BSP,12.3,13,12.3,12.3,13.05,12,13.05,0,0,0
2021-10-06,BSP,12.3,13,12.3,12.3,13.05,12,13.05,0,0,0
2021-10-07,BSP,12.3,13,12.3,12.3,13.05,12,13.05,0,0,0
2021-10-08,BSP,12.3,12.7,12.3,12.3,13.05,12,13.05,0,0,0
2021-10-11,BSP,12.5,13,12.7,12.7,13.05,12,13.05,0.4,923,1
2021-10-12,BSP,12.5,13,12.7,12.7,13.05,12,13.05,0,0,0
2021-10-13,BSP,12.5,13,12.7,12.7,13.05,12,13.05,0,0,0
2021-10-14,BSP,12.5,13,12.6,12.6,13.05,12,13.05,-0.1,6772,4
2021-10-15,BSP,12.3,13,12.3,12.3,13.05,12,13.05,-0.3,67259,12
2021-10-18,BSP,0,13,12.3,12.3,13.05,12,13.05,0,0,0
2021-10-19,BSP,12.3,13,12.3,12.3,13.05,12,13.05,0,0,0
2021-10-20,BSP,0,13.5,13.5,13.5,13.05,12,13.05,1.2,570968,18
2021-10-21,BSP,0,13.5,13.5,13.5,13.5,12,13.05,0,0,0
2021-10-22,BSP,12.3,12.7,12.3,12.3,13.5,12,13.05,-1.2,793,2
2021-10-25,BSP,0,12.7,12.3,12.3,13.5,12,13.05,0,26031,6
2021-10-26,BSP,0,12.7,12.3,12.3,13.5,12,13.05,0,0,0
2021-10-27,BSP,12.3,12.7,12.3,12.3,13.5,12,13.05,0,0,0
2021-10-28,BSP,12.3,12.7,12.3,12.3,13.5,12,13.05,0,0,0
2021-10-29,BSP,0,12.7,12.3,12.3,13.5,12,13.05,0,324162,11
2021-11-01,BSP,12.3,12.7,12.3,12.3,13.5,12,13.05,0,0,0
2021-11-02,BSP,12.3,12.7,12.3,12.3,13.5,12,13.05,0,0,0
2021-11-03,BSP,12.3,12.7,12.3,12.3,13.5,12,13.05,0,214,1
2021-11-04,BSP,0,12.7,12.3,12.3,13.5,12,13.05,0,500071,7
2021-11-05,BSP,0,12.7,12.3,12.3,13.5,12,13.05,0,24010,5
2021-11-08,BSP,0,12.7,12.3,12.3,13.5,12,13.05,0,0,0
2021-11-09,BSP,0,12.7,12.3,12.3,13.5,12,13.05,0,22530,4
2021-11-10,BSP,0,12.7,12.3,12.3,13.5,12,13.05,0,93050,7
2021-11-11,BSP,12.3,12.7,12.3,12.3,13.5,12,13.05,0,0,0
2021-11-12,BSP,12.3,12.7,12.3,12.3,13.5,12,13.05,0,7233,3
2021-11-15,BSP,0,12.7,12.3,12.3,13.5,12,13.05,0,188519,8
2021-11-16,BSP,0,12.7,12.3,12.3,13.5,12,12.3,0,0,0
2021-11-17,BSP,12.3,12.7,12.3,12.3,13.5,12,12.3,0,0,0
2021-11-18,BSP,0,12.3,12.3,12.3,13.5,12,12.3,0,393848,16
2021-11-19,BSP,0,12.7,12.3,12.3,13.5,12,12.3,0,60522,1
2021-11-22,BSP,12.3,12.5,12.3,12.3,13.5,12,12.3,0,225203,3
2021-11-23,BSP,12.3,12.5,12.3,12.3,13.5,12,12.3,0,0,0
2021-11-24,BSP,12.3,12.5,12.3,12.3,13.5,12,12.3,0,0,0
2021-11-25,BSP,12.3,12.5,12.3,12.3,13.5,12,12.3,0,931,3
2021-11-26,BSP,12.3,12.5,12.3,12.3,13.5,12,12.3,0.05,550000,3
2021-11-29,BSP,0,12.7,12.35,12.25,13.5,12,12.35,-0.1,1002733,8
2021-11-30,BSP,0,12.5,12.25,12.25,13.5,12,12.25,0,0,0
2021-12-01,BSP,0,12.5,12.25,12.25,13.5,12,12.25,0,0,0
2021-12-02,BSP,0,12.5,12.25,12.25,13.5,12,12.25,0,0,0
2021-12-03,BSP,0,12.3,12.3,12.3,13.5,12,12.25,0.05,81200,1
2021-12-06,BSP,0,12.3,12.3,12.3,13.5,12,12.3,0,0,0
2021-12-07,BSP,0,12.3,12.3,12.3,13.5,12,12.3,0,124106,3
2021-12-08,BSP,0,12.3,12.3,12.3,13.5,12,12.3,0,0,0
2021-12-09,BSP,0,12.3,12.3,12.3,13.5,12,12.3,0,0,0
2021-12-10,BSP,0,12.3,12.3,12.3,13.5,12,12.3,0,985,2
2021-12-13,BSP,0,12.3,12.3,12.3,13.5,12,12.3,0,0,0
2021-12-14,BSP,0,12.3,12.3,12.3,13.5,12,12.3,0,0,0
2021-12-15,BSP,0,12.3,12.25,12.25,13.5,12,12.3,-0.05,1000000,2
2021-12-16,BSP,0,12.3,12.25,12.25,13.5,12,12.25,0,0,0
2021-12-17,BSP,0,12.3,12.25,12.25,13.5,12,12.25,0,0,0
2021-12-20,BSP,0,12.3,12.25,12.25,13.5,12,12.25,0,0,0
2021-12-21,BSP,0,12.25,12.25,12.25,13.5,12,12.25,0,1047,5
2021-12-22,BSP,0,12.25,12.25,12.25,13.5,12,12.25,0,177,1
2021-12-23,BSP,12,12.25,12.25,12.25,13.5,12,12.25,0,0,0
2021-12-24,BSP,12,12.25,12.25,12.25,13.5,12,12.25,0,0,0
2021-12-28,BSP,12,12.25,12.25,12.25,13.5,12,12.25,0,0,0
2021-12-29,BSP,12,12.25,12.25,12.25,13.5,12,12.25,0,0,0
2021-12-30,BSP,12,12.2,12.25,12.25,13.5,12,12.25,0,0,0
2021-12-31,BSP,12,12.2,12.25,12.25,13.5,12,12.25,0,0,0
2022-01-03,BSP,12,12.2,12.25,12.25,13.5,12,12.25,0,0,0
2022-01-04,BSP,12,12.2,12.25,12.25,13.5,12,12.25,0,0,0
2022-01-05,BSP,12,12.2,12.25,12.25,13.5,12,12.25,0,0,0
2022-01-06,BSP,12,12.2,12.25,12.25,13.5,12,12.25,0,0,0
2022-01-07,BSP,0,12.2,12,12,13.5,12,12.25,-0.25,73533,9
2022-01-10,BSP,0,12.2,12,12,13.5,12,12,0,0,0
2022-01-11,BSP,12,12.24,12,12,13.5,12,12,0,11363,4
2022-01-12,BSP,0,12.24,12,12,13.5,12,12,0,33637,1
2022-01-13,BSP,0,12.24,12,12,13.5,12,12,0,942,3
2022-01-14,BSP,0,12.2,12,12,13.5,12,12,0,0,0
2022-01-17,BSP,0,12.2,12,12,13.5,12,12,0,0,0
2022-01-18,BSP,0,12.2,12,12,13.5,12,12,0,0,0
2022-01-19,BSP,0,12,12,12,13.5,12,12,0,0,0
2022-01-20,BSP,0,12,12,12,13.5,12,12,0,0,0
2022-01-21,BSP,0,12,12,12,13.5,12,12,0,0,0
2022-01-24,BSP,0,12,12,12,13.5,12,12,0,0,0
2022-01-25,BSP,0,12,12,12,13.5,12,12,0,0,0
2022-01-26,BSP,0,12,12,12,13.5,12,12,0,2608,6
2022-01-27,BSP,0,12,12,12,13.5,12,12,0,11573,6
2022-01-28,BSP,0,12.2,12,12,13.5,12,12,0,107959,5
2022-01-31,BSP,0,12,12,12,13.5,12,12,0,36040,4
2022-02-01,BSP,0,12.24,12,12,13.5,12,12,0,47595,4
2022-02-02,BSP,0,12.24,12,12,13.5,12,12,0,42405,1
2022-02-03,BSP,0,12.24,12,12,13.5,12,12,0,0,0
2022-02-04,BSP,0,12.24,12,12,13.5,12,12,0,1284,1
2022-02-07,BSP,0,12.24,12,12,13.5,12,12,0,0,0
2022-02-08,BSP,0,12.24,12,12,13.5,12,12,0,0,0
2022-02-09,BSP,0,12.24,12,12,13.5,12,12,0,0,0
2022-02-10,BSP,0,12.24,12,12,13.5,12,12,0,25332,5
2022-02-11,BSP,0,12.24,12,12,13.5,12,12,0,0,0
2022-02-14,BSP,0,12.24,12,12,13.5,12,12,0,0,0
2022-02-15,BSP,12,12.25,12,12,13.5,12,12,0,160848,5
2022-02-16,BSP,11.5,12.24,12,12,13.5,12,12,0,173385,18
2022-02-17,BSP,11.5,12.24,12,12,13.5,12,12,0,0,0
2022-02-18,BSP,11.5,12.24,12,12,13.5,12,12,0,115000,7
2022-02-21,BSP,11.5,12.25,12,12,13.5,12,12,0,50000,6
2022-02-22,BSP,11.5,12.25,12,12,13.5,12,12,0,0,0
2022-02-23,BSP,11.5,12.25,12,12,13.5,12,12,0,0,0
2022-02-24,BSP,11.5,12.7,12.25,12.25,13.5,12,12,0.25,3980,2
2022-02-25,BSP,12.25,12.7,12.25,12.25,13.5,12,12,0,4656,2
2022-03-01,BSP,12.25,12.7,12.25,12.25,13.5,12,12,0,0,0
2022-03-02,BSP,11.5,12.4,12,12,13.5,12,12,-0.25,968316,20
2022-03-03,BSP,12.5,12.7,12.5,12.5,13.5,12,12,0.5,981,2
2022-03-04,BSP,12.5,12.7,12.5,12.5,13.5,12,12.5,0,0,0
2022-03-07,BSP,12.5,12.7,12.5,12.5,13.5,12,12.5,0,0,0
2022-03-08,BSP,12.5,12.7,12.5,12.5,13.5,12,12.5,0,0,0
2022-03-09,BSP,12.5,15,12.7,12.7,13.5,12,12.5,0.2,1451497,20
2022-03-10,BSP,12,15,12.7,12.7,13.5,12,12.7,0,15577,3
2022-03-11,BSP,12,15,12.7,12.7,13.5,12,12.7,0,0,0
2022-03-14,BSP,12.5,15,12,12,13.5,12,12.7,-0.7,798,1
2022-03-15,BSP,12,15,12,12,13.5,12,12,0,0,0
2022-03-16,BSP,12,13,12,12,13.5,12,12,0,0,0
2022-03-17,BSP,12,13,12,12,13.5,12,12,0,0,0
2022-03-18,BSP,12.05,13,12,12,13.5,12,12,0,0,0
2022-03-21,BSP,12.05,13,12,12,13.5,12,12,0,0,0
2022-03-22,BSP,12.05,13,12.05,12.05,13.5,12,12,0.05,170,1
2022-03-23,BSP,12.05,13,12.05,12.05,13.5,12,12.05,0,1378,4
2022-03-24,BSP,12.05,13,12.05,12.05,13.5,12,12.05,0,1339,7
2022-03-25,BSP,12.05,13,12.05,12.05,13.5,12,12.05,0,990,4
2022-03-28,BSP,12.05,13,12.05,12.05,13.5,12,12.05,0,3350,6
2022-03-29,BSP,12.05,13,12.05,12.05,13.5,12,12.05,0,0,0
2022-03-30,BSP,12.05,13,12.05,12.05,13.5,12,12.05,0,0,0
2022-03-31,BSP,12.05,13,12.05,12.05,13.5,12,12.05,0,416,2
2022-04-01,BSP,12.05,13,12.05,12.05,13.5,12,12.05,0,0,0
2022-04-04,BSP,12.05,12.8,12.05,12.05,13.5,12,12.05,0,0,0
2022-04-05,BSP,12.05,12.8,12.05,12.05,13.5,12,12.05,0,0,0
2022-04-06,BSP,12.05,12.8,12.05,12.05,13.5,12,12.05,0,0,0
2022-04-07,BSP,12.05,12.8,12.05,12.05,13.5,12,12.05,0,1973,6
2022-04-08,BSP,12.05,12.8,12.05,12.05,13.5,12,12.05,0,732,1
2022-04-11,BSP,12.05,12.8,12.05,12.05,13.5,12,12.05,0,0,0
2022-04-12,BSP,12.1,12.8,12.05,12.05,13.5,12,12.05,0,0,0
2022-04-13,BSP,12.1,12.8,12.1,12.1,13.5,12,12.05,0.05,243,1
2022-04-14,BSP,12.1,12.8,12.1,12.1,13.5,12,12.05,0,0,0
2022-04-19,BSP,12.1,13,12.1,12.1,13.5,12,12.1,0,0,0
2022-04-20,BSP,12.1,13,12.1,12.1,13.5,12,12.1,0,0,0
2022-04-21,BSP,12.1,13,12.1,12.1,13.5,12,12.1,0,0,0
2022-04-22,BSP,12.1,13,12.1,12.1,13.5,12,12.1,0,8143,1
2022-04-25,BSP,12.1,12.9,12.1,12.1,13.5,12,12.1,0,6500,1
2022-04-26,BSP,12.1,12.9,12.1,12.1,13.5,12,12.1,0,597,1
2022-04-27,BSP,12.1,12.9,12.1,12.1,13.5,12,12.1,0,0,0
2022-04-28,BSP,12.1,12.9,12.1,12.1,13.5,12,12.1,0,1003833,2
2022-04-29,BSP,12.1,12.9,12.3,12.3,13.5,12,12.1,0.2,1000000,1
2022-05-02,BSP,12.2,12.9,12.3,12.3,13.5,12,12.3,0,1000000,1
2022-05-03,BSP,12.2,12.9,12.3,12.3,13.5,12,12.3,0,0,0
2022-05-04,BSP,12.2,12.9,12.3,12.3,13.5,12,12.3,0,0,0
2022-05-05,BSP,12.1,12.9,12.4,12.4,13.5,12,12.3,0.1,2410000,11
2022-05-06,BSP,12.3,12.9,12.4,12.4,13.5,12,12.4,0,0,0
2022-05-09,BSP,12.2,12.9,12.3,12.3,13.5,12,12.4,-0.1,610,3
2022-05-10,BSP,12.2,12.9,12.3,12.3,13.5,12,12.3,0,0,0
2022-05-11,BSP,12.2,12.9,12.3,12.3,13.5,12,12.3,0,0,0
2022-05-12,BSP,12.2,12.9,12.3,12.3,13.5,12,12.3,0,0,0
2022-05-13,BSP,12.3,12.9,12.3,12.3,13.5,12,12.3,0,2925,2
2022-05-16,BSP,12.3,12.9,12.3,12.3,13.5,12,12.3,0,0,0
2022-05-17,BSP,12.3,12.9,12.3,12.3,13.5,12,12.3,0,26286,9
2022-05-18,BSP,12.3,12.9,12.3,12.3,13.5,12,12.3,0,372127,15
2022-05-19,BSP,12.3,12.9,12.3,12.3,13.5,12,12.3,0,0,0
2022-05-20,BSP,12.3,12.9,12.3,12.3,13.5,12,12.3,0,0,0
2022-05-23,BSP,12.3,12.9,12.3,12.3,13.5,12,12.3,0,0,0
2022-05-24,BSP,12.3,12.9,12.3,12.3,13.5,12,12.3,0,0,0
2022-05-25,BSP,12.3,12.9,12.3,12.3,13.5,12,12.3,0,292,1
2022-05-26,BSP,12.2,12.9,12.3,12.3,13.5,12,12.3,0,58765,6
2022-05-27,BSP,12.3,12.9,12.3,12.3,13.5,12,12.3,0,0,0
2022-05-30,BSP,12.3,12.9,12.3,12.3,13.5,12,12.3,0,0,0
2022-05-31,BSP,12.3,12.9,12.3,12.3,13.5,12,12.3,0,17863,2
2022-06-01,BSP,12.3,12.9,12.3,12.3,13.5,12,12.3,0,1000,1
2022-06-02,BSP,12.1,12.4,12.3,12.3,13.5,12,12.3,0,6848,4
2022-06-03,BSP,12.1,12.4,12.3,12.3,13.5,12,12.3,0,3998,1
2022-06-06,BSP,12.1,12.4,12.3,12.3,13.5,12,12.3,0,1003661,1
2022-06-07,BSP,12.4,12.9,12.4,12.4,13.5,12,12.3,0.1,1151050,4
2022-06-08,BSP,12.4,12.9,12.4,12.4,13.5,12,12.4,0,0,0
2022-06-09,BSP,12.4,0,12.4,12.4,13.5,12,12.4,0,0,0
2022-06-10,BSP,12.4,0,12.4,12.4,13.5,12,12.4,0,0,0
2022-06-14,BSP,12.4,0,12.4,12.4,13.5,12,12.4,0,0,0
2022-06-15,BSP,12.4,0,12.4,12.4,13.5,12,12.4,0,0,0
2022-06-16,BSP,12.4,0,12.4,12.4,13.5,12,12.4,0,1010370,6
2022-06-17,BSP,12.4,0,12.4,12.4,13.5,12,12.4,0,300,1
2022-06-20,BSP,12.4,0,12.4,12.4,13.5,12,12.4,0,0,0
2022-06-21,BSP,12.4,0,12.4,12.4,13.5,12,12.4,0,0,0
2022-06-22,BSP,12.4,0,12.4,12.4,13.5,12,12.4,0,0,0
2022-06-23,BSP,12.4,0,12.4,12.4,13.5,12,12.4,0,499468,5
2022-06-24,BSP,12.4,0,12.4,12.4,13.5,12,12.4,0,651,3
2022-06-27,BSP,12.4,0,12.4,12.4,13.5,12,12.4,0,3150,2
2022-06-28,BSP,12.4,0,12.4,12.4,13.5,12,12.4,0,0,0
2022-06-29,BSP,12.41,13,12.4,12.4,13.5,12,12.4,0,0,0
2022-06-30,BSP,12.41,13,12.4,12.4,13.5,12,12.4,0,0,0
2022-07-01,BSP,12.41,13,12.4,12.4,13.5,12,12.4,0,0,0
2022-07-04,BSP,12.41,13,12.41,12.41,13.5,12,12.4,0.01,3510,4
2022-07-05,BSP,12.41,13,12.41,12.41,13.5,12,12.41,0,0,0
2022-07-06,BSP,12.41,13,12.41,12.41,13.5,12,12.41,0,0,0
2022-07-07,BSP,12.41,13,12.41,12.41,13.5,12,12.41,0,0,0
2022-07-08,BSP,12.41,13,12.41,12.41,13.5,12,12.41,0,0,0
2022-07-11,BSP,12.41,13,12.41,12.41,13.5,12,12.41,0,1485,2
2022-07-12,BSP,12.42,13,12.41,12.41,13.5,12,12.41,0,0,0
2022-07-13,BSP,12.42,13,12.41,12.41,13.5,12,12.41,0,0,0
2022-07-14,BSP,12.42,13,12.41,12.41,13.5,12,12.41,0,0,0
2022-07-15,BSP,12.42,13,12.41,12.41,13.5,12,12.41,0,0,0
2022-07-18,BSP,12.42,13,12.41,12.41,13.5,12,12.41,0,0,0
2022-07-19,BSP,12.42,13,12.41,12.41,13.5,12,12.41,0,0,0
2022-07-20,BSP,12.42,13,12.42,12.42,13.5,12,12.41,0.01,440,2
2022-07-21,BSP,12.41,13,12.41,12.41,13.5,12,12.42,-0.01,13000,3
2022-07-22,BSP,12.41,13,12.41,12.41,13.5,12,12.41,0,0,0
2022-07-25,BSP,12.41,13,12.41,12.41,13.5,12,12.41,0,0,0
2022-07-26,BSP,12.41,13,12.41,12.41,13.5,12,12.41,0,0,0
2022-07-27,BSP,12.41,13,12.41,12.41,13.5,12,12.41,0,0,0
2022-07-28,BSP,12.42,13,12.41,12.41,13.5,12,12.41,0,0,0
2022-07-29,BSP,12.41,13,12.41,12.41,13.5,12,12.41,0,1299,4
2022-08-01,BSP,12.41,13,12.41,12.41,13.5,12,12.41,0,0,0
2022-08-02,BSP,12.1,12.42,12.41,12.41,13.5,12,12.41,0,1700399,20
2022-08-03,BSP,12.4,12.42,12.41,12.41,13.5,12,12.41,0,0,0
2022-08-04,BSP,12.4,13,12.42,12.42,13.5,12,12.41,0.01,562,3
2022-08-05,BSP,12.41,13,12.41,12.41,13.5,12,12.42,-0.01,752,4
2022-08-08,BSP,12.41,13,12.41,12.41,13.5,12,12.41,0,0,0
2022-08-09,BSP,12.41,13,12.41,12.41,13.5,12,12.41,0,0,0
2022-08-10,BSP,12.41,13,12.41,12.41,13.5,12,12.41,0,0,0
2022-08-11,BSP,12.4,13,12.4,12.4,13.5,12,12.41,-0.01,1856,7
2022-08-12,BSP,12.41,0,12.41,12.41,13.5,12,12.4,0.01,140,1
2022-08-15,BSP,12.41,13,12.41,12.41,13.5,12,12.41,0,0,0
2022-08-16,BSP,12.41,13,12.41,12.41,13.5,12,12.41,0,0,0
2022-08-17,BSP,12.41,13,12.41,12.41,13.5,12,12.41,0,1002519,3
2022-08-18,BSP,12.41,13,12.41,12.41,13.5,12,12.41,0,0,0
2022-08-19,BSP,12.41,13,12.41,12.41,13.5,12,12.41,0,0,0
2022-08-22,BSP,12.41,13,12.41,12.41,13.5,12,12.41,0,0,0
2022-08-23,BSP,12.41,13,12.41,12.41,13.5,12,12.41,0,222,1
2022-08-24,BSP,12.41,13,12.41,12.41,13.5,12,12.41,0,1300977,26
2022-08-25,BSP,12.41,13,12.41,12.41,13.5,12,12.41,0,0,0
2022-08-29,BSP,12.41,13,12.41,12.41,13.5,12,12.41,0,0,0
2022-08-30,BSP,12.41,13,12.41,12.41,13.5,12,12.41,0,166,1
2022-08-31,BSP,12.41,13,12.41,12.41,13.5,12,12.41,0,191,1
2022-09-01,BSP,12.41,13,12.41,12.41,13.5,12,12.41,0,0,0
2022-09-02,BSP,12.41,13,12.41,12.41,13.5,12,12.41,0,0,0
2022-09-05,BSP,12.41,13,12.41,12.41,13.5,12,12.41,0,0,0
2022-09-06,BSP,0,13,12.41,12.41,13.5,12,12.41,0,1357993,48
2022-09-07,BSP,0,12.41,12.41,12.41,13.5,12,12.41,0,141509,5
2022-09-08,BSP,0,12.41,12.41,12.41,13.5,12,12.41,0,0,0
2022-09-09,BSP,0,12.41,12.41,12.41,13.5,12,12.41,0,0,0
2022-09-12,BSP,0,12.41,12.41,12.41,13.5,12,12.41,0,0,0
2022-09-13,BSP,0,13,12.41,12.41,13.5,12,12.41,0,0,0
2022-09-14,BSP,0,13,12.41,12.41,13.5,12,12.41,0,0,0
2022-09-15,BSP,0,13,12.41,12.41,13.5,12,12.41,0,17709,4
2022-09-20,BSP,0,13,12.41,12.41,13.5,12,12.41,0,0,0
2022-09-21,BSP,0,13,12.41,12.41,13.5,12,12.41,0,50215,2
2022-09-22,BSP,0,13,12.41,12.41,13.5,12,12.41,0,359325,12
2022-09-23,BSP,0,13,12.41,12.41,13.5,12,12.41,0,0,0
2022-09-26,BSP,0,13,12.41,12.41,13.5,12,12.41,0,0,0
2022-09-27,BSP,0,13,12.41,12.41,13.5,12,12.41,0,0,0
2022-09-28,BSP,0,13,12.41,12.41,13.5,12,12.41,0,500712,1
2022-09-29,BSP,0,14,12.41,12.41,13.5,12,12.41,0,0,0
2022-09-30,BSP,0,14,12.41,12.41,13.5,12,12.41,0,40500,3
2022-10-03,BSP,0,14,12.41,12.41,13.5,12,12.41,0,0,0
2022-10-04,BSP,0,14,12.41,12.41,13.5,12,12.41,0,0,0
2022-10-05,BSP,0,14,12.41,12.41,13.5,12,12.41,0,0,0
2022-10-06,BSP,0,14,12.41,12.41,13.5,12,12.41,0,0,0
2022-10-07,BSP,0,12.41,12.41,12.41,13.5,12,12.41,0,2610,4
2022-10-10,BSP,12.41,14,12.41,12.41,13.5,12,12.41,0,28390,13
2022-10-11,BSP,12.41,14,12.41,12.41,13.5,12,12.41,0,0,0
2022-10-12,BSP,0,14,12.41,12.41,13.5,12,12.41,0,21804,3
2022-10-13,BSP,0,14,12.41,12.41,13.5,12,12.41,0,0,0
2022-10-14,BSP,0,14,12.41,12.41,13.5,12,12.41,0,0,0
2022-10-17,BSP,0,12.41,12.41,12.41,13.5,12,12.41,0,0,0
2022-10-18,BSP,0,12.41,12.41,12.41,13.5,12,12.41,0,0,0
2022-10-19,BSP,0,12.41,12.41,12.41,13.5,12,12.41,0,0,0
2022-10-20,BSP,0,0,12.41,12.41,13.5,12,12.41,0,60161,10
2022-10-21,BSP,0,0,12.41,12.41,13.5,12,12.41,0,0,0
2022-10-24,BSP,0,0,12.41,12.41,13.5,12,12.41,0,559813,2
2022-10-25,BSP,0,0,12.41,12.41,13.5,12,12.41,0,0,0
2022-10-26,BSP,0,0,12.41,12.41,13.5,12,12.41,0,0,0
2022-10-27,BSP,12.41,0,12.41,12.41,12.7,12,12.41,0,65419,4
2022-10-28,BSP,12.41,0,12.41,12.41,12.7,12,12.41,0,61007,5
2022-10-31,BSP,0,0,12.41,12.41,12.7,12,12.41,0,36819,6
2022-11-01,BSP,0,0,12.41,12.41,12.7,12,12.41,0,0,0
2022-11-02,BSP,0,0,12.41,12.41,12.7,12,12.41,0,9000,2
2022-11-03,BSP,0,0,12.41,12.41,12.7,12,12.41,0,80322,7
2022-11-04,BSP,12.41,0,12.41,12.41,12.7,12,12.41,0,0,0
2022-11-07,BSP,12.41,0,12.41,12.41,12.7,12,12.41,0,0,0
2022-11-08,BSP,0,0,12.41,12.41,12.7,12,12.41,0,334383,15
2022-11-09,BSP,0,0,12.41,12.41,12.7,12,12.41,0,0,0
2022-11-10,BSP,0,0,12.41,12.41,12.7,12,12.41,0,0,0
2022-11-11,BSP,0,0,12.41,12.41,12.7,12,12.41,0,0,0
2022-11-14,BSP,0,0,12.41,12.41,12.7,12,12.41,0,0,0
2022-11-15,BSP,0,0,12.41,12.41,12.7,12,12.41,0,0,0
2022-11-16,BSP,0,0,12.41,12.41,12.7,12,12.41,0,0,0
2022-11-17,BSP,0,0,12.41,12.41,12.7,12,12.41,0,0,0
2022-11-18,BSP,0,0,12.41,12.41,12.7,12,12.41,0,35145,12
2022-11-21,BSP,0,0,12.41,12.41,12.7,12,12.41,0,48389,7
2022-11-22,BSP,0,0,12.41,12.41,12.7,12,12.41,0,0,0
2022-11-23,BSP,12.41,0,12.41,12.41,12.7,12,12.41,0,333,1
2022-11-24,BSP,12.41,0,12.41,12.41,12.7,12,12.41,0,180878,7
2022-11-25,BSP,12.41,0,12.41,12.41,12.7,12,12.41,0,0,0
2022-11-28,BSP,0,0,12.41,12.41,12.7,12,12.41,0,16432,2
2022-11-29,BSP,0,0,12.41,12.41,12.7,12,12.41,0,0,0
2022-11-30,BSP,0,12.41,12.41,12.41,12.7,12,12.41,0,45429,2
2022-12-01,BSP,0,0,12.41,12.41,12.7,12,12.41,0,747,3
2022-12-02,BSP,0,12.41,12.41,12.41,12.7,12,12.41,0,0,0
2022-12-05,BSP,0,12.41,12.41,12.41,12.7,12,12.41,0,0,0
2022-12-06,BSP,12.41,0,12.41,12.41,12.7,12,12.41,0,25375,9
2022-12-07,BSP,0,13,12.41,12.41,12.7,12,12.41,0,64043,4
2022-12-08,BSP,0,13,12.41,12.41,12.7,12,12.41,0,805554,1
2022-12-09,BSP,12.41,13,12.41,12.41,12.7,12,12.41,0,0,0
2022-12-12,BSP,12.41,13,12.41,12.41,12.7,12,12.41,0,0,0
2022-12-13,BSP,0,13,12.41,12.41,12.7,12,12.41,0,21572,3
2022-12-14,BSP,0,12.41,12.41,12.41,12.7,12,12.41,0,39889,4
2022-12-15,BSP,0,12.41,12.41,12.41,12.7,12,12.41,0,0,0
2022-12-16,BSP,0,12.41,12.41,12.41,12.7,12,12.41,0,0,0
2022-12-19,BSP,0,12.41,12.41,12.41,12.7,12,12.41,0,0,0
2022-12-20,BSP,0,12.41,12.41,12.41,12.7,12,12.41,0,0,0
2022-12-21,BSP,0,13,12.41,12.41,12.7,12,12.41,0,71787,12
2022-12-22,BSP,0,13,12.41,12.41,12.7,12,12.41,0,0,0
2022-12-23,BSP,0,13,12.41,12.41,12.7,12,12.41,0,0,0
2022-12-26,BSP,0,13,12.41,12.41,12.7,12,12.41,0,0,0
2022-12-27,BSP,0,13,12.41,12.41,12.7,12,12.41,0,0,0
2022-12-28,BSP,0,13,12.41,12.41,12.7,12,12.41,0,0,0
2022-12-29,BSP,0,13,12.41,12.41,12.7,12,12.41,0,12825,5
2022-12-30,BSP,0,13,12.41,12.41,12.7,12,12.41,0,0,0
2023-01-03,BSP,0,13,12.41,12.41,12.7,12,12.41,0,0,0
2023-01-04,BSP,0,13,12.41,12.41,12.7,12,12.41,0,0,0
2023-01-05,BSP,0,13,12.41,12.41,12.7,12,12.41,0,0,0
2023-01-06,BSP,12.41,13,12.41,12.41,12.7,12,12.41,0,0,0
2023-01-09,BSP,12.41,13,12.41,12.41,12.7,12,12.41,0,0,0
2023-01-10,BSP,12.41,13,12.41,12.41,12.7,12,12.41,0,0,0
2023-01-11,BSP,12.41,13,12.41,12.41,12.7,12,12.41,0,0,0
2023-01-12,BSP,12.41,13,12.41,12.41,12.7,12,12.41,0,500,2
2023-01-13,BSP,12.41,13,12.41,12.41,12.7,12,12.41,0,0,0
2023-01-16,BSP,0,13,12.41,12.41,12.7,12,12.41,0,5761,4
2023-01-17,BSP,0,12,12.41,12.41,12.7,12,12.41,0,0,0
2023-01-18,BSP,0,13,12.41,12.41,12.7,12,12.41,0,32476,5
2023-01-19,BSP,0,13,12.41,12.41,12.7,12,12.41,0,0,0
2023-01-20,BSP,0,0,12.41,12.41,12.7,12,12.41,0,0,0
2023-01-23,BSP,0,0,12.41,12.41,12.7,12,12.41,0,0,0
2023-01-24,BSP,0,0,12.41,12.41,12.7,12,12.41,0,0,0
2023-01-25,BSP,0,0,12.41,12.41,12.7,12,12.41,0,4103,4
2023-01-26,BSP,0,0,12.41,12.41,12.7,12,12.41,0,113610,9
2023-01-27,BSP,0,0,12.41,12.41,12.7,12,12.41,0,0,0
2023-01-30,BSP,0,0,12.41,12.41,12.7,12,12.41,0,0,0
2023-01-31,BSP,0,0,12.41,12.41,12.7,12,12.41,0,0,0
2023-02-01,BSP,12.41,0,12.41,12.41,12.7,12,12.41,0,794,2
2023-02-02,BSP,12.41,0,12.41,12.41,12.7,12,12.41,0,0,0
2023-02-03,BSP,0,0,12.41,12.41,12.7,12,12.41,0,1641285,6
2023-02-06,BSP,0,0,12.41,12.41,12.7,12,12.41,0,0,0
2023-02-07,BSP,0,12.41,12.41,12.41,12.7,12,12.41,0,378,3
2023-02-08,BSP,0,0,12.41,12.41,12.7,12,12.41,0,10000,7
2023-02-09,BSP,0,0,12.41,12.41,12.7,12,12.41,0,0,0
2023-02-10,BSP,0,0,12.41,12.41,12.7,12,12.41,0,33710,4
2023-02-13,BSP,0,0,12.41,12.41,12.7,12,12.41,0,50322,4
2023-02-14,BSP,0,0,12.41,12.41,12.7,12,12.41,0,0,0
2023-02-15,BSP,0,0,12.41,12.41,12.7,12,12.41,0,1695951,8
2023-02-16,BSP,0,0,12.41,12.41,12.7,12,12.41,0,0,0
2023-02-17,BSP,0,12.41,12.41,12.41,12.7,12,12.41,0,0,0
2023-02-20,BSP,0,12.41,12.41,12.41,12.7,12,12.41,0,0,0
2023-02-21,BSP,0,0,12.41,12.41,12.7,12,12.41,0,60980,3
2023-02-22,BSP,12.5,0,12.5,12.5,12.7,12,12.41,0.09,114278,4
2023-02-23,BSP,12.5,0,12.5,12.5,12.7,12,12.5,0,1299,3
2023-02-27,BSP,12.51,0,12.51,12.51,12.7,12,12.5,0.01,3281,2
2023-02-28,BSP,12.8,0,12.8,12.8,12.7,12,12.51,0.29,792250,2
2023-03-01,BSP,12.8,0,12.8,12.8,12.7,12,12.8,0,0,0
2023-03-02,BSP,12.8,0,12.8,12.8,12.7,12,12.8,0,0,0
2023-03-03,BSP,13,0,13,13,12.7,12,12.8,0.2,13550,3
2023-03-06,BSP,13,14,13,13,13,12,13,0,984,1
2023-03-07,BSP,13,14,13,13,13,12,13,0,0,0
2023-03-08,BSP,13,14,13,13,13,12,13,0,0,0
2023-03-09,BSP,12.41,14,12.5,12.5,13,12,13,-0.5,18640,2
2023-03-10,BSP,12.41,14,12.5,12.5,13,12,12.5,0,0,0
2023-03-13,BSP,12.41,14,12.5,12.5,13,12,12.5,0,0,0
2023-03-14,BSP,12.5,14,12.5,12.5,13,12,12.5,0,0,0
2023-03-15,BSP,12.5,14,12.5,12.5,13,12,12.5,0,0,0
2023-03-16,BSP,12.5,14,12.5,12.5,13,12,12.5,0,0,0
2023-03-17,BSP,12.52,14,12.5,12.5,13,12,12.5,0,0,0
2023-03-20,BSP,12.52,14,12.52,12.52,13,12,12.5,0.02,806,1
2023-03-21,BSP,12.52,14,12.52,12.52,13,12,12.52,0,0,0
2023-03-22,BSP,12.52,14,12.52,12.52,13,12,12.52,0,0,0
2023-03-23,BSP,12.52,12.6,12.52,12.52,13,12,12.52,0,0,0
2023-03-24,BSP,12.6,12.8,12.6,12.6,13,12,12.52,0.08,430,1
2023-03-27,BSP,12.6,12.8,12.6,12.6,13,12,12.6,0,0,0
2023-03-28,BSP,12.6,12.8,12.6,12.6,13,12,12.6,0,0,0
2023-03-29,BSP,12.6,12.8,12.6,12.6,13,12,12.6,0,0,0
2023-03-30,BSP,12.61,14,12.8,12.8,13,12,12.6,0.2,129500,5
2023-03-31,BSP,12.61,14,12.8,12.8,13,12,12.8,0,0,0
2023-04-03,BSP,12.61,14,12.8,12.8,13,12.05,12.8,0,0,0
2023-04-04,BSP,12.61,14,12.8,12.8,13,12.05,12.8,0,0,0
2023-04-05,BSP,12.61,14,12.8,12.8,13,12.05,12.8,0,0,0
2023-04-06,BSP,12.61,14,12.8,12.8,13,12.05,12.8,0,0,0
2023-04-11,BSP,12.61,14,12.8,12.8,12.1,12.05,12.8,0,0,0
2023-04-12,BSP,12.62,14,12.62,12.62,13,12.1,12.8,-0.18,9200,6
2023-04-13,BSP,12.63,14,12.62,12.62,13.9,12.15,12.62,0,0,0
2023-04-14,BSP,12.62,14,12.62,12.62,13.9,12.15,12.62,0,0,0
2023-04-17,BSP,12.62,14,12.62,12.62,13,12.1,12.62,0,0,0
2023-04-19,BSP,12.8,12.9,12.8,12.8,13,12.1,12.62,0.18,4698,2
2023-04-20,BSP,12.8,12.9,12.8,12.8,13,12.1,12.8,0,0,0
2023-04-21,BSP,12.63,12.8,12.8,12.8,13,12.1,12.8,12.8,77673,7
2023-04-24,BSP,12.65,12.9,12.8,12.8,13,12.1,12.8,0,43152,3
2023-04-25,BSP,12.65,12.75,12.75,12.75,13,12.1,12.8,-0.05,300000,2
2023-04-26,BSP,12.65,12.75,12.75,12.75,13,12.1,12.75,0,0,0
2023-04-27,BSP,12.8,12.9,12.8,12.8,13,12.1,12.75,0.05,1471,3
2023-04-28,BSP,12.75,12.8,12.8,12.8,13,12.1,12.8,0,1090,5
2023-05-01,BSP,12.75,12.9,12.9,12.9,13,12.3,12.8,0.1,7326,10
2023-05-02,BSP,12.75,12.9,12.9,12.9,13,12.3,12.9,0,"18,004",5
2023-05-03,BSP,12.65,12.9,12.9,12.9,13,12.3,12.9,0,"18,113",6
2023-05-04,BSP,12.65,12.9,12.9,12.9,13,12.3,12.9,0,0,0
2023-05-05,BSP,12.8,12.9,12.9,12.9,13,12.3,12.9,0,0,0
2023-05-08,BSP,12.8,12.9,12.9,12.9,13,12.3,12.9,0,7424,2
2023-05-09,BSP,12.65,12.85,12.8,12.8,13,12.3,12.9,-0.1,375,1
2023-05-10,BSP,12.65,12.9,12.9,12.9,13,12.3,12.8,0.1,8871,9
2023-05-11,BSP,12.65,12.9,12.9,12.9,13,12.3,12.9,0,342485,6
2023-05-12,BSP,12.65,12.9,12.9,12.9,13,12.3,12.9,0,352,3
2023-05-15,BSP,12.8,14,12.8,12.8,13,12.3,12.9,-0.1,8201,9
2023-05-16,BSP,12.8,14,12.8,12.8,13,12.3,12.8,0,0,0
2023-05-17,BSP,12.9,14,12.8,12.8,13,12.3,12.8,0,0,0
2023-05-18,BSP,12.9,14,12.8,12.8,13,12.3,12.8,0,0,0
2023-05-19,BSP,12.9,14,12.8,12.8,13,12.3,12.8,0,0,0
2023-05-23,BSP,12.9,14,12.8,12.8,13,12.3,12.8,0,0,0
2023-05-24,BSP,12.85,14,12.85,12.85,13,12.3,12.8,0.05,90000,7
2023-05-25,BSP,12.85,14,12.85,12.85,13,12.3,12.85,0,1025342,19
2023-05-26,BSP,12.85,14,12.85,12.85,13,12.3,12.85,0,690,2
2023-05-29,BSP,12.85,0,12.85,12.85,13,12.3,12.85,0,0,0
2023-05-30,BSP,12.8,0,12.85,12.85,13,12.3,12.85,0,974658,14
2023-05-31,BSP,12.8,0,12.85,12.85,13,12.3,12.85,0,0,0
2023-06-01,BSP,12.8,0,12.85,12.85,13,12.3,12.85,0,0,0
2023-06-02,BSP,12.8,14,12.85,12.85,13,12.3,12.85,0,181130,9
2023-06-05,BSP,12.8,14,12.85,12.85,13,12.3,12.85,0,0,0
2023-06-06,BSP,12.5,14,12.85,12.85,13,12.3,12.85,0,0,0
2023-06-07,BSP,12.5,14,12.8,12.8,13,12.3,12.85,-0.05,1716,1
2023-06-08,BSP,12.8,14,12.85,12.85,13,12.3,12.8,0.05,50872,17
2023-06-09,BSP,12.8,14,12.8,12.8,13,12.4,12.85,-0.05,1648,2
2023-06-12,BSP,12.8,14,12.8,12.8,13,12.4,12.8,0,0,0
2023-06-13,BSP,12.8,14,12.8,12.8,13,12.4,12.8,0,0,0
2023-06-14,BSP,12.8,14,12.8,12.8,13,12.4,12.8,0,0,0
2023-06-15,BSP,12.8,14,12.8,12.8,13,12.4,12.8,0,0,0
2023-06-19,BSP,12.8,14,12.8,12.8,13,12.4,12.8,0,88500,1
2023-06-20,BSP,12.8,14,12.8,12.8,13,12.4,12.8,0,6061,2
2023-06-21,BSP,12.8,14,12.8,12.8,13,12.4,12.8,0,0,0
2023-06-22,BSP,12.8,14,12.8,12.8,13,12.4,12.8,0,0,0
2023-06-23,BSP,12.8,14,12.8,12.8,13,12.4,12.8,0,0,0
2023-06-26,BSP,12.8,14,12.8,12.8,13,12.4,12.8,0,0,0
2023-06-27,BSP,12.8,14,12.8,12.8,13,12.4,12.8,0,1618,1
2023-06-28,BSP,12.85,14,12.8,12.8,13,12.4,12.8,0,250,1
2023-06-29,BSP,12.85,14,12.8,12.8,13,12.4,12.8,0,0,0
2023-06-30,BSP,12.85,14,12.85,12.85,13,12.4,12.8,0.05,309,3
2023-07-03,BSP,12.85,14,12.85,12.85,13,12.4,12.85,0,0,0
2023-07-04,BSP,12.86,14,12.86,12.86,13,12.4,12.85,0.01,7523,8
2023-07-05,BSP,12.86,14,12.86,12.86,13,12.4,12.86,0,0,0
2023-07-06,BSP,12.85,14,12.85,12.85,13,12.4,12.86,-0.01,1681,3
2023-07-07,BSP,12.5,14,12.8,12.8,13,12.4,12.85,-0.05,1209298,10
2023-07-10,BSP,12.5,14,12.8,12.8,13,12.4,12.8,0,0,0
2023-07-11,BSP,12.8,14,12.8,12.8,13,12.4,12.8,0,162191,8
2023-07-12,BSP,12.8,14,12.8,12.8,13,12.4,12.8,0,0,0
2023-07-13,BSP,12.8,14,12.8,12.8,13,12.4,12.8,0,9465,4
2023-07-14,BSP,12.8,14,12.8,12.8,13,12.4,12.8,0,0,0
2023-07-17,BSP,12.85,14,12.8,12.8,13,12.4,12.8,0.05,1507,2
2023-07-18,BSP,12.85,14,12.85,12.85,13,12.4,12.8,0,1172,2
2023-07-19,BSP,12.85,14,12.85,12.85,13,12.4,12.85,0,0,0
2023-07-20,BSP,12.85,12.86,12.85,12.85,13,12.4,12.85,0,4261,2
2023-07-21,BSP,12.85,12.86,12.85,12.85,13,12.4,12.85,0,469946,15
2023-07-25,BSP,12.85,12.86,12.85,12.85,13,12.4,12.85,0,0,0
2023-07-26,BSP,12.85,14,12.86,12.86,13,12.4,12.85,0.01,75811,6
2023-07-27,BSP,12.85,14,12.85,12.85,13,12.4,12.86,-0.01,170,2
2023-07-28,BSP,12.85,14,12.85,12.85,13,12.4,12.85,0,0,0
2023-07-31,BSP,12.85,14,12.85,12.85,13,12.4,12.85,0,0,0
2023-08-01,BSP,12.86,14,12.86,12.86,13,12.4,12.86,0.01,127,1
2023-08-02,BSP,12.91,14,12.86,12.86,13,12.4,12.86,0,0,0
2023-08-03,BSP,12.91,14,12.86,12.86,13,12.4,12.86,0,0,0
2023-08-04,BSP,12.91,14,12.86,12.86,13,12.4,12.86,0,0,0
2023-08-07,BSP,12.91,14,12.86,12.86,13,12.4,12.86,0,0,0
2023-08-08,BSP,12.91,14,12.86,12.86,13,12.4,12.86,0,0,0
2023-08-09,BSP,12.95,14,12.86,12.86,13,12.4,12.86,0,0,0
2023-08-10,BSP,12.95,14,12.86,12.86,13,12.4,12.86,0,0,0
2023-08-11,BSP,12.95,14,12.86,12.86,13,12.4,12.86,0,0,0
2023-08-14,BSP,13.05,14,12.86,12.86,13,12.41,12.86,0,0,0
2023-08-15,BSP,13.05,14,13.05,13.05,13,12.41,12.86,0.19,416,1
2023-08-16,BSP,13.05,14,13.05,13.05,13.05,12.41,13.05,0,0,0
2023-08-17,BSP,13.05,14,13.05,13.05,13.05,12.41,13.05,0,0,0
2023-08-18,BSP,13.11,14,13.1,13.1,13.05,12.41,12.86,0.05,8963,2
2023-08-21,BSP,13.11,14,13.1,13.1,13.05,12.41,13.1,0,0,0
2023-08-22,BSP,13.12,14,13.1,13.1,13.1,12.41,13.1,0,0,0
2023-08-23,BSP,13.12,14,13.1,13.1,13.1,12.41,13.1,0,0,0
2023-08-24,BSP,13.12,14,13.1,13.1,13.1,12.41,13.1,0,0,0
2023-08-25,BSP,13.12,14,13.12,13.12,13.1,12.41,13.1,0.02,11922,5
2023-08-28,BSP,13.13,14,13.12,13.12,13.13,12.41,13.12,0,0,0
2023-08-29,BSP,13.14,14,13.14,13.14,13.13,12.41,13.12,0.02,1233,2
2023-08-30,BSP,13.14,14,13.14,13.14,13.14,12.41,13.14,0,0,0
2023-08-31,BSP,13.14,14,13.14,13.14,13.14,12.41,13.14,0,271,1
2023-09-01,BSP,13.14,14,13.14,13.14,13.14,12.41,13.14,0,0,0
2023-09-04,BSP,13.14,14,13.14,13.14,13.14,12.41,13.14,0,0,0
2023-09-05,BSP,13.14,14,13.14,13.14,13.14,12.41,13.14,0,0,0
2023-09-06,BSP,13.2,14,13.2,13.2,13.14,12.41,13.14,0.06,489,1
2023-09-07,BSP,13.22,14,13.2,13.2,13.2,12.41,13.2,0,0,0
2023-09-08,BSP,13.22,14,13.2,13.2,13.2,12.41,13.2,0,0,0
2023-09-11,BSP,13.22,14,13.2,13.2,13.2,12.41,13.2,0,0,0
2023-09-12,BSP,13.26,14,13.2,13.2,13.2,12.41,13.2,0,0,0
2023-09-13,BSP,13.26,14,13.26,13.26,13.2,12.41,13.2,0.06,385,3
2023-09-14,BSP,13.27,14,13.27,13.27,13.27,12.41,13.26,0.01,1494,3
2023-09-18,BSP,13.27,14,13.27,13.27,13.27,12.41,13.27,0,0,0
2023-09-19,BSP,13.27,14,13.27,13.27,13.27,12.41,13.27,0,0,0
2023-09-20,BSP,13.27,14,13.27,13.27,13.27,12.41,13.27,0,0,0
2023-09-21,BSP,13.28,14,13.28,13.28,13.27,12.41,13.27,0.01,805,1
2023-09-22,BSP,13.28,14,13.28,13.28,13.27,12.41,13.28,0,0,0
2023-09-25,BSP,13.28,14,13.28,13.28,13.27,12.41,13.28,0,0,0
2023-09-26,BSP,13.3,14,13.28,13.28,13.27,12.41,13.28,0,0,0
2023-09-27,BSP,13.41,14,13.28,13.28,13.27,12.41,13.28,0,0,0
2023-09-28,BSP,13.41,14,13.28,13.28,13.28,12.41,13.28,0,0,0
2023-09-29,BSP,13.41,14,13.41,13.41,13.28,12.41,13.28,0.13,5738,4
2023-10-02,BSP,13.4,14,13.41,13.41,13.41,12.41,13.41,0,0,0
2023-10-03,BSP,13.4,14,13.41,13.41,13.41,12.41,13.41,0,0,0
2023-10-04,BSP,13.24,14,13.25,13.25,13.41,12.41,13.41,-0.16,929339,13
2023-10-05,BSP,13.45,14,13.25,13.25,13.41,12.41,13.25,0,0,0
2023-10-06,BSP,13.45,14,13.25,13.25,13.41,12.41,13.25,0,0,0
2023-10-09,BSP,13.45,15,13.45,13.45,13.41,12.41,13.25,0.2,1050,2
2023-10-10,BSP,13.45,15,13.45,13.45,13.46,12.41,13.45,0,0,0
2023-10-11,BSP,13.45,15,13.45,13.45,13.46,12.41,13.45,0,0,0
2023-10-12,BSP,13.45,15,13.46,13.46,13.46,12.41,13.45,0.01,351622,13
2023-10-13,BSP,13.5,15,13.46,13.46,13.46,12.41,13.46,0,0,0
2023-10-16,BSP,13.5,15,13.5,13.5,13.46,12.41,13.5,0.04,420,2
2023-10-17,BSP,13.5,15,13.5,13.5,13.5,12.41,13.5,0,0,0
2023-10-18,BSP,13.5,15,13.5,13.5,13.5,12.41,13.5,0,0,0
2023-10-19,BSP,13.5,0,13.5,13.5,13.5,12.41,13.5,0,2013,2
2023-10-20,BSP,13.5,15,13.5,13.5,13.5,12.41,13.5,0,0,0
2023-10-23,BSP,13.5,15,13.5,13.5,13.5,12.41,13.5,0,0,0
2023-10-24,BSP,13.51,15,13.5,13.5,13.5,12.41,13.5,0,0,0
2023-10-25,BSP,13.51,15,13.51,13.51,13.5,12.41,13.5,0.01,17000,5
2023-10-26,BSP,13.51,15,13.51,13.51,13.52,12.41,13.51,0,0,0
2023-10-27,BSP,13.51,15,13.51,13.51,13.52,12.41,13.51,0,236,1
2023-10-30,BSP,13.54,15,13.51,13.51,13.52,12.41,13.51,0,0,0
2023-10-31,BSP,13.6,15,13.51,13.51,13.51,12.41,13.51,0,0,0
2023-11-01,BSP,13.6,15,13.51,13.51,13.51,12.41,13.51,0,0,0
2023-11-02,BSP,13.61,15,13.61,13.61,13.51,12.41,13.51,0.1,1411,3
2023-11-03,BSP,13.75,15,13.61,13.61,13.61,12.41,13.61,0,0,0
2023-11-06,BSP,13.75,15,13.61,13.61,13.61,12.41,13.61,0,0,0
2023-11-07,BSP,13.75,15,13.75,13.75,13.61,12.41,13.61,0.14,80,1
2023-11-08,BSP,13.75,15,13.75,13.75,13.75,12.41,13.75,0,1116,3
2023-11-09,BSP,13.75,15,13.75,13.75,13.77,12.41,13.75,0,0,0
2023-11-10,BSP,13.6,15,13.6,13.6,13.77,12.41,13.75,-0.15,5000,5
2023-11-13,BSP,13.6,15,13.6,13.6,13.77,12.41,13.6,0,0,0
2023-11-14,BSP,13.6,15,13.6,13.6,13.77,12.41,13.6,0,2520,6
2023-11-15,BSP,13.6,15,13.6,13.6,13.77,12.41,13.6,0,0,0
2023-11-16,BSP,13.6,15,13.6,13.6,13.77,12.41,13.6,0,0,0
2023-11-17,BSP,13.55,15,13.6,13.6,13.77,12.41,13.6,0,0,0
2023-11-20,BSP,13.55,15,13.6,13.6,13.77,12.41,13.6,0,0,0
2023-11-21,BSP,13.55,15,13.6,13.6,13.77,12.41,13.6,0,0,0
2023-11-22,BSP,13.66,15,13.66,13.66,13.77,12.41,13.6,0.06,657,2
2023-11-23,BSP,13.66,15,13.66,13.66,13.77,12.41,13.66,0,0,0
2023-11-24,BSP,13.66,15,13.66,13.66,13.77,12.41,13.66,0,0,0
2023-11-27,BSP,13.68,15,13.68,13.68,13.77,12.41,13.68,0.02,2339,4
2023-11-28,BSP,13.68,15,13.68,13.68,13.77,12.41,13.68,0,0,0
2023-11-29,BSP,13.68,15,13.68,13.68,13.77,12.41,13.68,0,0,0
2023-11-30,BSP,13.68,15,13.68,13.68,13.77,12.41,13.68,0,0,0
2023-12-01,BSP,13.67,15,13.68,13.68,13.77,12.41,13.68,0,833,1
2023-12-04,BSP,13.68,0,13.68,13.68,13.77,12.41,13.68,0,0,0
2023-12-05,BSP,13.68,15,13.68,13.68,13.77,12.41,13.68,0,0,0
2023-12-06,BSP,13.68,15,13.68,13.68,13.77,12.41,13.68,0,0,0
2023-12-07,BSP,13.68,15,13.69,13.69,13.77,12.41,13.68,0.01,281,2
2023-12-08,BSP,13.68,15,13.69,13.69,13.77,12.41,13.69,0,0,0
2023-12-11,BSP,13.68,15,13.68,13.68,13.77,12.41,13.69,-0.01,616,2
2023-12-12,BSP,13.68,15,13.68,13.68,13.77,12.41,13.68,0,0,0
2023-12-13,BSP,13.7,15,13.68,13.68,13.77,12.41,13.68,0,3900,6
2023-12-14,BSP,13.7,15,13.71,13.71,13.77,12.41,13.68,0.03,831,4
2023-12-15,BSP,13.68,15,13.71,13.71,13.77,12.41,13.71,0,0,0
2023-12-18,BSP,13.7,15,13.71,13.71,13.77,12.41,13.71,0,0,0
2023-12-19,BSP,13.7,15,13.71,13.71,13.77,12.41,13.71,0,0,0
2023-12-20,BSP,13.7,15,13.7,13.7,13.77,12.41,13.71,-0.01,8767,1
2023-12-21,BSP,13.7,0,13.7,13.7,13.77,12.41,13.7,0,568,2
2023-12-22,BSP,13.7,0,13.7,13.7,13.77,12.41,13.7,0,0,0
2023-12-27,BSP,13.7,0,13.7,13.7,13.77,12.41,13.7,0,0,0
2023-12-28,BSP,13.7,0,13.7,13.7,13.77,12.41,13.7,0,0,0
2023-12-29,BSP,13.7,0,13.7,13.7,13.77,12.41,13.7,0,0,0
2024-01-02,BSP,13.7,15,13.7,13.7,13.77,12.41,13.7,0,700,2
2024-01-03,BSP,13.71,15,13.7,13.7,13.77,12.41,13.7,0,0,0
2024-01-04,BSP,13.71,15,13.7,13.7,13.77,12.41,13.7,0,0,0
2024-01-05,BSP,13.71,15,13.7,13.7,13.77,12.41,13.7,0,0,0
2024-01-08,BSP,13.71,15,13.7,13.7,13.77,12.41,13.7,0,0,0
2024-01-09,BSP,13.71,15,13.7,13.7,13.77,12.41,13.7,0,0,0
2024-01-10,BSP,13.71,15,13.7,13.7,13.77,12.41,13.7,0,0,0
2024-01-11,BSP,13.71,15,13.7,13.7,13.77,12.41,13.7,0,0,0
2024-01-12,BSP,13.71,15,13.7,13.7,13.77,12.41,13.7,0,0,0
2024-01-15,BSP,13.71,15,13.7,13.7,13.77,12.41,13.7,0,0,0
2024-01-16,BSP,13.72,15,13.7,13.7,13.77,12.41,13.7,0,1250,5
2024-01-17,BSP,13.72,15,13.7,13.7,13.77,12.41,13.7,0,0,0
2024-01-18,BSP,13.72,15,13.7,13.7,13.77,12.41,13.7,0,0,0
2024-01-19,BSP,13.95,15,13.7,13.7,13.77,12.41,13.7,0,0,0
2024-01-22,BSP,13.9,15,13.7,13.9,13.77,12.41,13.9,0.2,500000,5
2024-01-23,BSP,13.9,15,13.9,13.9,13.95,12.41,13.9,0,0,0
2024-01-24,BSP,14,15,13.9,14,13.95,12.41,14,0.1,13754,4
2024-01-25,BSP,14.1,15,14,14.1,14,12.41,14.1,0.1,1317,4
2024-01-26,BSP,14.5,15,14.1,14.1,14.1,12.41,14.1,0,0,0
2024-01-29,BSP,15,0,15,15,14.1,12.41,14.1,0.9,3091,1
2024-01-30,BSP,15,0,15,15,15,12.41,15,0,656,1
2024-01-31,BSP,15,0,15,15,15,12.41,15,0,0,0
2024-02-01,BSP,15,0,15,15,15,12.41,15,0,0,0
2024-02-02,BSP,15.3,0,15,15,15,12.41,15,0,0,0
2024-02-05,BSP,15.3,0,15.31,15.31,15,12.41,15,0.31,1001054,19
2024-02-06,BSP,15.3,0,15.31,15.31,15.31,12.41,15,0,40000,1
2024-02-07,BSP,15.3,0,15.31,15.31,15.31,12.41,15.31,0,0,0
2024-02-08,BSP,15.3,0,15.31,15.31,15.31,12.41,15.31,0,4024,4
2024-02-09,BSP,15.31,0,15.32,15.32,15.31,12.41,15.31,0.01,2173,8
2024-02-12,BSP,15.35,0,15.35,15.35,15.32,12.41,15.32,0.03,1879,2
2024-02-13,BSP,15.52,0,15.35,15.35,15.35,12.41,15.35,0,0,0
2024-02-14,BSP,15.55,0,15.35,15.35,15.35,12.41,15.35,0,0,0
2024-02-15,BSP,15.57,0,15.35,15.35,15.35,12.41,15.35,0,0,0
2024-02-16,BSP,15.57,0,15.35,15.35,15.35,12.41,15.35,0,0,0
2024-02-19,BSP,15.57,0,15.35,15.35,15.35,12.41,15.35,0,0,0
2024-02-20,BSP,15.57,0,15.35,15.35,15.35,12.41,15.35,0,0,0
2024-02-21,BSP,16.01,0,16,16,15.35,12.41,15.35,0.65,2255,4
2024-02-22,BSP,16.03,0,16.02,16.02,16,12.41,16,0.02,632,3
2024-02-23,BSP,16.03,0,16.04,16.04,16.02,12.5,16.02,0.02,6236,2
2024-02-27,BSP,16.03,0,16.04,16.04,16.04,12.5,16.04,0,0,0
2024-02-28,BSP,16.11,0,16.04,16.04,16.04,12.5,16.04,0,0,0
2024-02-29,BSP,16.11,0,16.12,16.12,16.04,12.5,16.04,0.08,8299,2
2024-03-01,BSP,16.11,0,16.12,16.12,16.12,12.5,16.12,0,1006,2
2024-03-04,BSP,16.11,0,16.11,16.11,16.12,12.5,16.12,-0.01,365,2
2024-03-05,BSP,16.11,0,16.11,16.11,16.12,12.5,16.11,0,0,0
2024-03-06,BSP,16.1,0,16.1,16.1,16.12,12.5,16.11,-0.01,69527,21
2024-03-07,BSP,16.1,0,16.1,16.1,16.12,12.5,16.1,0,0,0
2024-03-08,BSP,16.1,0,16.11,16.11,16.12,12.5,16.1,0.01,7826,2
2024-03-11,BSP,16.1,0,16.11,16.11,16.12,12.5,16.11,0,0,0
2024-03-12,BSP,16.1,0,16.11,16.11,16.12,12.5,16.11,0,0,0
2024-03-13,BSP,16.1,0,16.1,16.1,16.12,12.5,16.11,-0.01,8000,1
2024-03-14,BSP,16.1,0,16.1,16.1,16.12,12.52,16.1,0,432,5
2024-03-15,BSP,16.1,0,16.1,16.1,16.12,12.52,16.1,0,2914,6
2024-03-18,BSP,16.1,0,16.1,16.1,16.12,12.52,16.1,0,0,0
2024-03-19,BSP,16.1,0,16.1,16.1,16.12,12.52,16.1,0,1500000,16
2024-03-20,BSP,16.1,0,16.1,16.1,16.12,12.52,16.1,0,131039,5
2024-03-21,BSP,16.12,0,16.1,16.1,16.12,12.6,16.1,0,0,0
2024-03-22,BSP,16.12,0,16.1,16.1,16.12,12.6,16.1,0,0,0
2024-03-25,BSP,16.12,0,16.12,16.12,16.12,12.62,16.1,0.02,1356,1
2024-03-26,BSP,16.12,0,16.12,16.12,16.12,12.62,16.12,0,736,2
2024-03-27,BSP,16.12,0,16.12,16.12,16.12,12.62,16.12,0,0,0
2024-03-28,BSP,16.13,0,16.12,16.12,16.13,12.62,16.12,0,207,1
2024-04-02,BSP,16.13,0,16.12,16.12,16.13,12.62,16.12,0,0,0
2024-04-03,BSP,16.13,0,16.12,16.12,16.13,12.62,16.12,0,0,0
2024-04-04,BSP,16.13,0,16.12,16.12,16.13,12.62,16.12,0,0,0
2024-04-05,BSP,16.15,17.5,16.12,16.12,16.13,12.62,16.12,0,0,0
2024-04-08,BSP,16.15,17.5,16.12,16.12,16.13,12.62,16.12,0,0,0
2024-04-09,BSP,16.15,17.5,16.15,16.15,16.13,12.62,16.12,0.03,197,3
2024-04-10,BSP,16.15,0,16.5,16.5,16.3,12.62,16.15,0.35,2688,1
2024-04-11,BSP,16.15,0,16.5,16.5,16.5,12.62,16.5,0,0,0
2024-04-12,BSP,16.15,0,16.15,16.15,16.5,12.62,16.5,-0.35,927,5
2024-04-15,BSP,16.16,16.3,16.16,16.16,16.5,12.7,16.15,0.01,247,1
2024-04-16,BSP,16.2,16.3,16.2,16.2,16.5,12.7,16.16,0.04,1382,3
2024-04-17,BSP,16.2,16.3,16.2,16.2,16.5,12.7,16.2,0,0,0
2024-04-18,BSP,16.2,16.3,16.2,16.2,16.5,12.7,16.2,0,0,0
2024-04-19,BSP,16.2,16.3,16.2,16.2,16.5,12.7,16.2,0,0,0
2024-04-22,BSP,16.2,16.3,16.2,16.2,16.5,12.7,16.2,0,0,0
2024-04-23,BSP,16.2,16.3,16.2,16.2,16.5,12.7,16.2,0,0,0
2024-04-24,BSP,16.3,0,16.3,16.3,16.5,12.7,16.2,0.1,293,1
2024-04-25,BSP,16.3,0,16.3,16.3,16.5,12.7,16.3,0,0,0
2024-04-26,BSP,16.3,0,16.3,16.3,16.5,12.75,16.3,0,0,0
2024-04-29,BSP,16.3,0,16.3,16.3,16.5,12.8,16.3,0,0,0
2024-04-30,BSP,16.3,0,16.3,16.3,16.5,12.8,16.3,0,0,0
2024-05-01,BSP,16.3,0,16.3,16.3,16.5,12.8,16.3,0,200,1
2024-05-02,BSP,16.75,0,16.75,16.75,16.5,12.8,16.3,0.45,1136,2
2024-05-03,BSP,16.75,0,16.76,16.76,16.5,12.8,16.75,0.01,15640,1
2024-05-06,BSP,16.75,0,16.76,16.76,16.75,12.8,16.76,0,0,0
2024-05-07,BSP,16.8,0,16.8,16.8,16.76,12.8,16.76,0.04,607,1
2024-05-08,BSP,16.8,0,16.8,16.8,16.8,12.8,16.8,0,331,1
2024-05-09,BSP,16.8,0,16.8,16.8,16.8,12.8,16.8,0,0,0
2024-05-10,BSP,16.81,0,16.8,16.8,16.8,12.8,16.8,0,0,0
2024-05-13,BSP,16.31,0,16.31,16.31,16.8,12.8,16.8,-0.49,28082,12
2024-05-14,BSP,16.31,0,16.81,16.81,16.81,12.8,16.31,0.5,17726,7
2024-05-15,BSP,16.81,0,16.81,16.81,16.81,12.8,16.81,0,878,2
2024-05-16,BSP,16.81,0,16.81,16.81,16.81,12.8,16.81,0,0,0
2024-05-17,BSP,16.81,0,16.81,16.81,16.81,12.8,16.81,0,0,0
2024-05-20,BSP,16.81,0,16.81,16.81,16.81,12.8,16.81,0,50,1
2024-05-21,BSP,16.82,0,16.81,16.81,16.81,12.8,16.81,0,0,0
2024-05-22,BSP,16.82,0,16.81,16.81,16.81,12.8,16.81,0,0,0
2024-05-23,BSP,16.82,0,16.82,16.82,16.81,12.8,16.81,0.01,262,3
2024-05-24,BSP,16.83,0,16.82,16.82,16.82,12.8,16.82,0,0,0
2024-05-27,BSP,16.82,0,16.9,16.9,16.82,12.8,16.82,0.08,11344,4
2024-05-28,BSP,16.9,0,16.9,16.9,16.9,12.8,16.9,0,0,0
2024-05-29,BSP,16.9,0,16.9,16.9,16.9,12.8,16.9,0,0,0
2024-05-30,BSP,16.85,0,16.9,16.9,16.9,12.8,16.9,0,0,0
2024-05-31,BSP,16.86,0,16.86,16.86,16.9,12.8,16.9,-0.04,500,2
2024-06-03,BSP,16.87,0,16.86,16.86,16.86,12.8,16.86,0,0,0
2024-06-04,BSP,16.87,0,16.86,16.86,16.86,12.8,16.86,0,0,0
2024-06-05,BSP,16.87,0,16.86,16.86,16.86,12.8,16.86,0,0,0
2024-06-06,BSP,16.87,0,16.86,16.86,16.86,12.8,16.86,0,0,0
2024-06-07,BSP,16.87,0,16.86,16.86,16.86,12.8,16.86,0,0,0
2024-06-10,BSP,16.87,0,16.86,16.86,16.86,12.8,16.86,0,0,0
2024-06-11,BSP,16.87,0,16.86,16.86,16.86,12.8,16.86,0,0,0
2024-06-12,BSP,16.9,0,16.86,16.86,16.86,12.8,16.86,0,0,0
2024-06-13,BSP,16.9,0,16.86,16.86,16.86,12.8,16.86,0,0,0
2024-06-14,BSP,16.99,0,16.99,16.99,16.86,12.8,16.86,0.13,713,2
2024-06-18,BSP,17.15,0,16.99,16.99,16.99,12.8,16.99,0,0,0
2024-06-19,BSP,17.16,0,17.16,17.16,16.99,12.8,16.99,0.17,724,2
2024-06-20,BSP,17.16,0,17.16,17.16,17.16,12.8,17.16,0,820,3
2024-06-21,BSP,17.16,0,17.16,17.16,17.16,12.8,17.16,0,0,0
2024-06-24,BSP,17.16,0,17.5,17.5,17.16,12.8,17.16,0.34,3433782,12
2024-06-25,BSP,17.16,17.5,17.5,17.5,17.5,12.8,17.5,0,179033,3
2024-06-26,BSP,17.16,17.5,17.5,17.5,17.5,12.8,17.5,0,823119,17
2024-06-27,BSP,17.16,0,17.5,17.5,17.5,12.8,17.5,0,298518,10
2024-06-28,BSP,17.16,0,17.5,17.5,17.5,12.8,17.5,0,266523,14
2024-07-01,BSP,17.16,0,17.5,17.5,17.5,12.8,17.5,0,0,0
2024-07-02,BSP,17.5,0,17.5,17.5,17.5,12.8,17.5,0,476,1
2024-07-03,BSP,17.5,0,17.5,17.5,17.5,12.8,17.5,0,200,3
2024-07-04,BSP,17.5,0,17.5,17.5,17.51,12.8,17.5,0,500,1
2024-07-05,BSP,16.86,0,17.5,17.5,17.51,12.8,17.5,0,0,0
2024-07-08,BSP,17.5,0,17.5,17.5,17.51,12.8,17.5,0,2500,1
2024-07-09,BSP,16.86,0,17.5,17.5,17.51,12.8,17.5,0,104,1
2024-07-10,BSP,17.5,0,17.5,17.5,17.51,12.8,17.5,0,509,4
2024-07-11,BSP,17.5,0,17.5,17.5,17.51,12.8,17.5,0,0,0
2024-07-12,BSP,17.5,0,17.5,17.5,17.51,12.8,17.5,0,190,2
2024-07-15,BSP,17.5,0,17.5,17.5,17.51,12.8,17.5,0,0,0
2024-07-16,BSP,17.5,0,17.5,17.5,17.51,12.8,17.5,0,350,3
2024-07-17,BSP,17.5,0,17.5,17.5,17.51,12.8,17.5,0,0,0
2024-07-18,BSP,17.5,0,17.5,17.5,17.51,12.8,17.5,0,0,0
2024-07-19,BSP,17.5,0,17.51,17.51,17.51,12.8,17.5,0.01,143,1
2024-07-22,BSP,17.5,0,17.51,17.51,17.51,12.85,17.51,0,0,0
2024-07-24,BSP,17.51,0,17.5,17.5,17.51,12.85,17.51,-0.01,752,6
2024-07-25,BSP,17.51,0,17.5,17.5,17.51,12.85,17.5,0,0,0
2024-07-26,BSP,17.51,0,17.5,17.5,17.51,12.85,17.5,0,0,0
2024-07-29,BSP,17.51,0,17.5,17.5,17.51,12.86,17.5,0,0,0
2024-07-30,BSP,17.52,0,17.52,17.52,17.51,12.86,17.5,0.02,18348,5
2024-07-31,BSP,17.52,0,17.52,17.52,17.52,12.86,17.52,0,0,0
2024-08-01,BSP,17.52,0,17.52,17.52,17.52,12.86,17.52,0,0,0
2024-08-02,BSP,17.52,0,17.52,17.52,17.52,13.05,17.52,0,0,0
2024-08-05,BSP,17.52,0,17.53,17.53,17.52,13.05,17.52,0.01,520,1
2024-08-06,BSP,17.53,0,17.53,17.53,17.53,13.05,17.52,0,595,2
2024-08-07,BSP,17.53,0,17.53,17.53,17.53,13.05,17.52,0,1120,4
2024-08-08,BSP,17.53,0,17.53,17.53,17.54,13.05,17.52,0,224,2
2024-08-09,BSP,17.53,0,17.54,17.54,17.54,13.05,17.52,0.01,664,3
2024-08-12,BSP,17.53,0,17.54,17.54,17.54,13.05,17.54,0,0,0
2024-08-13,BSP,17.54,0,17.54,17.54,17.54,13.05,17.54,0,2193,7
2024-08-14,BSP,17.54,0,17.54,17.54,17.54,13.05,17.54,0,0,0
2024-08-15,BSP,17.54,0,17.54,17.54,17.54,13.05,17.54,0,480,2
2024-08-16,BSP,17.54,0,17.54,17.54,17.54,13.1,17.54,0,0,0
2024-08-19,BSP,17.53,17.54,17.54,17.54,17.54,13.12,17.54,0,498,1
2024-08-20,BSP,17.54,0,17.54,17.54,17.54,13.12,17.54,0,130,1
2024-08-21,BSP,17.54,0,17.54,17.54,17.54,13.12,17.54,0,180,2
2024-08-22,BSP,17.54,0,17.54,17.54,17.54,13.12,17.54,0,105,1
2024-08-23,BSP,17.54,0,17.54,17.54,17.54,13.12,17.54,0,0,0
2024-08-27,BSP,17.54,0,17.54,17.54,17.54,13.14,17.54,0,0,0
2024-08-28,BSP,17.54,0,17.54,17.54,17.54,13.14,17.54,0,0,0
2024-08-29,BSP,17.6,0,17.54,17.54,17.54,13.14,17.54,0,0,0
2024-08-30,BSP,17.62,0,17.54,17.54,17.54,13.14,17.54,0,0,0
2024-09-02,BSP,17.62,0,17.54,17.54,17.54,13.2,17.54,0,0,0
2024-09-03,BSP,17.62,0,17.62,17.62,17.54,13.2,17.54,0.08,118,1
2024-09-04,BSP,18,0,18,18,17.62,13.2,17.62,0.38,1999,2
2024-09-05,BSP,18,0,18,18,18,13.2,18,0,0,0
2024-09-06,BSP,18,0,18,18,18,13.2,18,0,0,0
2024-09-09,BSP,18.01,0,18,18,18,13.25,18,0,0,0
2024-09-10,BSP,18.01,0,18.01,18.01,18,13.25,18,0.01,241,1
2024-09-11,BSP,18.02,0,18.02,18.02,18.01,13.25,18,0.01,543,3
2024-09-12,BSP,18.02,0,18.02,18.02,18.02,13.25,18,0,0,0
2024-09-13,BSP,18.01,0,18.01,18.01,18.02,13.25,18.02,-0.01,560,2
2024-09-17,BSP,18.01,0,18.01,18.01,18.02,13.25,18.02,0,0,0
2024-09-18,BSP,18.01,0,18.02,18.02,18.02,13.25,18.02,0.01,304,2
2024-09-19,BSP,18.01,0,18.01,18.01,18.02,13.25,18.02,-0.01,150,2
2024-09-20,BSP,18.01,0,18.01,18.01,18.02,13.25,18.01,0,389,1
2024-09-23,BSP,18.01,0,18.01,18.01,18.02,13.25,18.01,0,0,0
2024-09-24,BSP,18.02,0,18.02,18.02,18.02,13.25,18.01,0.01,1250,2
2024-09-25,BSP,18.05,0,18.02,18.02,18.01,13.25,18.02,0,0,0
2024-09-26,BSP,18.05,0,18.05,18.05,18.01,13.25,18.02,0.03,315,1
2024-09-27,BSP,18.08,0,18.08,18.08,18.05,13.25,18.05,0.03,259,1
2024-09-30,BSP,18.11,0,18.12,18.12,18.05,13.25,18.05,0.04,594,3
2024-10-01,BSP,18.11,0,18.12,18.12,18.12,13.25,18.05,0,0,0
